--
-- PostgreSQL database dump
--

-- Dumped from database version 17.2
-- Dumped by pg_dump version 17.2

SET statement_timeout = 0;
SET lock_timeout = 0;
SET idle_in_transaction_session_timeout = 0;
SET transaction_timeout = 0;
SET client_encoding = 'UTF8';
SET standard_conforming_strings = on;
SELECT pg_catalog.set_config('search_path', '', false);
SET check_function_bodies = false;
SET xmloption = content;
SET client_min_messages = warning;
SET row_security = off;

--
-- Name: postgis; Type: EXTENSION; Schema: -; Owner: -
--

CREATE EXTENSION IF NOT EXISTS postgis WITH SCHEMA public;


--
-- Name: EXTENSION postgis; Type: COMMENT; Schema: -; Owner: 
--

COMMENT ON EXTENSION postgis IS 'PostGIS geometry and geography spatial types and functions';


SET default_tablespace = '';

SET default_table_access_method = heap;

--
-- Name: __EFMigrationsHistory; Type: TABLE; Schema: public; Owner: postgres
--

CREATE TABLE public."__EFMigrationsHistory" (
    "MigrationId" character varying(150) NOT NULL,
    "ProductVersion" character varying(32) NOT NULL
);


ALTER TABLE public."__EFMigrationsHistory" OWNER TO postgres;

--
-- Name: cell; Type: TABLE; Schema: public; Owner: postgres
--

CREATE TABLE public.cell (
    id integer NOT NULL,
    product integer NOT NULL,
    quantity integer NOT NULL
);


ALTER TABLE public.cell OWNER TO postgres;

--
-- Name: cell_id_seq; Type: SEQUENCE; Schema: public; Owner: postgres
--

ALTER TABLE public.cell ALTER COLUMN id ADD GENERATED BY DEFAULT AS IDENTITY (
    SEQUENCE NAME public.cell_id_seq
    START WITH 1
    INCREMENT BY 1
    NO MINVALUE
    NO MAXVALUE
    CACHE 1
);


--
-- Name: organization; Type: TABLE; Schema: public; Owner: postgres
--

CREATE TABLE public.organization (
    id integer NOT NULL,
    name character varying(50) NOT NULL,
    address character varying(50) NOT NULL,
    geometry public.geometry(Polygon,3857) NOT NULL
);


ALTER TABLE public.organization OWNER TO postgres;

--
-- Name: organization_id_seq; Type: SEQUENCE; Schema: public; Owner: postgres
--

ALTER TABLE public.organization ALTER COLUMN id ADD GENERATED BY DEFAULT AS IDENTITY (
    SEQUENCE NAME public.organization_id_seq
    START WITH 1
    INCREMENT BY 1
    NO MINVALUE
    NO MAXVALUE
    CACHE 1
);


--
-- Name: product; Type: TABLE; Schema: public; Owner: postgres
--

CREATE TABLE public.product (
    id integer NOT NULL,
    code integer NOT NULL,
    name character varying(50) NOT NULL
);


ALTER TABLE public.product OWNER TO postgres;

--
-- Name: product_id_seq; Type: SEQUENCE; Schema: public; Owner: postgres
--

ALTER TABLE public.product ALTER COLUMN id ADD GENERATED BY DEFAULT AS IDENTITY (
    SEQUENCE NAME public.product_id_seq
    START WITH 1
    INCREMENT BY 1
    NO MINVALUE
    NO MAXVALUE
    CACHE 1
);


--
-- Name: supply; Type: TABLE; Schema: public; Owner: postgres
--

CREATE TABLE public.supply (
    id integer NOT NULL,
    product integer NOT NULL,
    organization integer NOT NULL,
    supply_date timestamp with time zone NOT NULL,
    quantity integer NOT NULL
);


ALTER TABLE public.supply OWNER TO postgres;

--
-- Name: supply_id_seq; Type: SEQUENCE; Schema: public; Owner: postgres
--

ALTER TABLE public.supply ALTER COLUMN id ADD GENERATED BY DEFAULT AS IDENTITY (
    SEQUENCE NAME public.supply_id_seq
    START WITH 1
    INCREMENT BY 1
    NO MINVALUE
    NO MAXVALUE
    CACHE 1
);


--
-- Data for Name: __EFMigrationsHistory; Type: TABLE DATA; Schema: public; Owner: postgres
--

COPY public."__EFMigrationsHistory" ("MigrationId", "ProductVersion") FROM stdin;
20250320161037_init	8.0.10
\.


--
-- Data for Name: cell; Type: TABLE DATA; Schema: public; Owner: postgres
--

COPY public.cell (id, product, quantity) FROM stdin;
1	241	41
2	444	29
3	27	61
4	292	41
5	273	80
6	367	78
7	13	59
8	383	74
9	199	22
10	483	35
11	78	23
12	220	72
13	270	64
14	224	50
15	189	58
16	247	17
17	308	74
18	126	40
19	12	14
20	49	24
21	135	68
22	313	80
23	253	50
24	387	61
25	56	46
26	289	87
27	55	86
28	28	22
29	82	60
30	57	93
31	250	68
32	435	26
33	299	79
34	226	10
35	5	32
36	318	66
37	301	94
38	495	97
39	262	20
40	456	27
41	461	56
42	9	70
43	471	82
44	271	30
45	124	60
46	136	60
47	132	75
48	66	85
49	303	88
50	187	64
51	271	60
52	338	99
53	120	77
54	341	40
55	66	85
56	11	21
57	171	96
58	435	49
59	327	85
60	499	27
61	204	82
62	268	65
63	435	88
64	215	38
65	476	91
66	473	99
67	122	21
68	423	68
69	74	60
70	304	38
71	151	26
72	185	59
73	407	44
74	137	39
75	132	89
76	9	94
77	353	38
78	40	27
79	313	65
80	82	26
81	85	18
82	205	23
83	484	56
84	440	30
85	1	70
86	420	74
87	346	29
88	409	48
89	75	94
90	119	40
91	131	37
92	211	98
93	217	28
94	69	64
95	149	85
96	372	79
97	85	69
98	55	42
99	372	50
100	425	47
101	451	62
102	404	43
103	335	51
104	145	62
105	344	27
106	330	32
107	41	21
108	439	95
109	138	83
110	134	68
111	218	68
112	484	22
113	107	26
114	338	58
115	208	17
116	159	17
117	5	78
118	53	60
119	237	45
120	174	43
121	214	13
122	364	29
123	425	61
124	3	64
125	283	47
126	468	82
127	131	39
128	196	71
129	375	20
130	179	42
131	421	16
132	419	37
133	269	37
134	475	51
135	336	45
136	324	19
137	395	52
138	75	48
139	205	97
140	157	82
141	89	84
142	97	96
143	126	74
144	461	46
145	292	43
146	256	27
147	452	92
148	487	65
149	142	23
150	221	76
151	12	51
152	4	17
153	140	70
154	110	54
155	229	60
156	65	89
157	195	19
158	117	19
159	264	97
160	198	95
161	405	74
162	431	82
163	421	36
164	36	38
165	167	41
166	341	64
167	304	71
168	190	89
169	67	51
170	260	38
171	444	61
172	475	61
173	145	67
174	381	43
175	474	85
176	69	38
177	290	43
178	277	98
179	340	81
180	354	17
181	414	88
182	46	55
183	203	46
184	125	96
185	475	89
186	56	29
187	487	43
188	43	39
189	313	48
190	402	36
191	422	23
192	310	98
193	387	48
194	158	50
195	437	96
196	109	12
197	38	22
198	56	75
199	320	47
200	489	20
201	385	26
202	383	17
203	455	39
204	21	58
205	219	49
206	149	38
207	280	15
208	101	79
209	453	94
210	294	49
211	226	88
212	2	41
213	295	66
214	427	25
215	92	72
216	220	26
217	306	54
218	48	89
219	4	20
220	262	83
221	123	55
222	38	61
223	12	75
224	175	64
225	90	65
226	397	54
227	151	96
228	262	86
229	323	49
230	57	77
231	429	21
232	396	17
233	74	94
234	263	77
235	151	19
236	288	59
237	51	67
238	65	20
239	59	15
240	491	31
241	224	20
242	407	28
243	305	56
244	137	43
245	321	88
246	268	92
247	238	54
248	296	91
249	200	29
250	316	26
251	42	55
252	216	79
253	185	17
254	414	91
255	129	55
256	318	23
257	176	53
258	144	79
259	234	30
260	19	56
261	433	69
262	159	94
263	339	56
264	371	21
265	18	18
266	376	93
267	467	10
268	329	25
269	178	86
270	134	64
271	125	56
272	164	87
273	15	47
274	450	76
275	294	21
276	373	54
277	54	32
278	462	62
279	315	89
280	257	41
281	319	10
282	487	94
283	203	65
284	268	44
285	73	20
286	172	81
287	120	44
288	232	72
289	203	82
290	54	39
291	323	80
292	249	95
293	196	32
294	201	15
295	160	67
296	319	33
297	297	13
298	131	22
299	193	64
300	249	74
301	110	48
302	425	15
303	208	71
304	151	37
305	337	83
306	343	11
307	440	11
308	15	57
309	66	41
310	137	74
311	398	12
312	376	44
313	440	58
314	124	70
315	457	63
316	90	14
317	182	88
318	61	62
319	256	20
320	369	79
321	232	31
322	418	95
323	488	23
324	454	33
325	498	45
326	79	32
327	279	30
328	371	11
329	119	16
330	485	97
331	49	92
332	80	14
333	475	39
334	213	44
335	462	45
336	297	44
337	211	52
338	123	18
339	257	39
340	71	45
341	1	92
342	406	68
343	97	44
344	116	73
345	486	56
346	194	61
347	63	64
348	340	12
349	221	89
350	197	70
351	482	54
352	411	41
353	293	79
354	72	63
355	381	82
356	430	13
357	163	36
358	460	62
359	499	79
360	477	35
361	476	48
362	1	35
363	96	15
364	135	48
365	441	49
366	433	16
367	485	82
368	212	79
369	280	43
370	124	25
371	474	91
372	115	80
373	229	70
374	339	70
375	22	10
376	253	93
377	329	34
378	180	63
379	474	69
380	349	26
381	342	63
382	319	75
383	23	76
384	333	82
385	211	17
386	331	51
387	177	65
388	148	34
389	207	84
390	365	88
391	152	28
392	395	77
393	43	77
394	166	65
395	180	38
396	427	17
397	488	35
398	285	92
399	500	59
400	214	68
401	339	12
402	221	29
403	172	17
404	13	26
405	70	82
406	85	43
407	265	11
408	420	64
409	429	58
410	131	92
411	82	54
412	490	99
413	55	17
414	452	84
415	466	16
416	347	15
417	47	42
418	195	12
419	355	39
420	245	16
421	212	31
422	421	67
423	219	90
424	328	16
425	111	87
426	243	33
427	387	50
428	379	64
429	379	31
430	461	82
431	70	30
432	199	15
433	206	83
434	85	80
435	102	33
436	205	68
437	31	50
438	437	39
439	492	87
440	380	65
441	109	76
442	449	74
443	396	68
444	317	83
445	455	41
446	67	21
447	258	73
448	390	15
449	297	86
450	444	19
451	64	99
452	137	85
453	458	35
454	40	19
455	440	18
456	213	92
457	157	35
458	96	69
459	461	85
460	123	79
461	284	82
462	286	80
463	22	35
464	109	88
465	207	19
466	242	65
467	57	14
468	119	19
469	420	73
470	383	80
471	217	31
472	305	77
473	2	16
474	269	59
475	44	83
476	278	78
477	264	32
478	310	66
479	14	90
480	315	98
481	443	46
482	164	58
483	337	44
484	131	27
485	14	73
486	432	11
487	41	72
488	236	42
489	327	29
490	291	11
491	274	86
492	401	20
493	70	99
494	218	76
495	199	15
496	289	54
497	431	82
498	421	30
499	236	25
500	448	49
\.


--
-- Data for Name: organization; Type: TABLE DATA; Schema: public; Owner: postgres
--

COPY public.organization (id, name, address, geometry) FROM stdin;
1	Organization 1	Address 1	0103000020110F000001000000050000006371B76800D05541001751C24AEC5A4167266F0F5BD15541001751C24AEC5A4167266F0F5BD15541F590776796ED5A416371B76800D05541F590776796ED5A416371B76800D05541001751C24AEC5A41
2	Organization 2	Address 2	0103000020110F000001000000050000004BE5F0109ADC554114BC2CC4355E5B416D877C525ADD554114BC2CC4355E5B416D877C525ADD55418305665E7F5F5B414BE5F0109ADC55418305665E7F5F5B414BE5F0109ADC554114BC2CC4355E5B41
3	Organization 3	Address 3	0103000020110F00000100000005000000200149CC070855412C34F257BB075B418660B0B0CD0855412C34F257BB075B418660B0B0CD085541089B9F6CBB085B41200149CC07085541089B9F6CBB085B41200149CC070855412C34F257BB075B41
4	Organization 4	Address 4	0103000020110F000001000000050000000971F96A505C5441B9B0D902DBD75941D1BABBF9FA5C5441B9B0D902DBD75941D1BABBF9FA5C5441016412E627D959410971F96A505C5441016412E627D959410971F96A505C5441B9B0D902DBD75941
5	Organization 5	Address 5	0103000020110F0000010000000500000006278D115C185641B55E82D9A6695A416A61CE450F195641B55E82D9A6695A416A61CE450F195641DA6768D5D16A5A4106278D115C185641DA6768D5D16A5A4106278D115C185641B55E82D9A6695A41
6	Organization 6	Address 6	0103000020110F00000100000005000000CBC77EEEF5DC54410D68A48859C35A41CB358267A8DD54410D68A48859C35A41CB358267A8DD5441A03F041607C45A41CBC77EEEF5DC5441A03F041607C45A41CBC77EEEF5DC54410D68A48859C35A41
7	Organization 7	Address 7	0103000020110F000001000000050000005F46D5CDF1615441CFE3135AC6E15A41C2690498C3625441CFE3135AC6E15A41C2690498C3625441B122A1C352E25A415F46D5CDF1615441B122A1C352E25A415F46D5CDF1615441CFE3135AC6E15A41
8	Organization 8	Address 8	0103000020110F0000010000000500000012A2DB295CC75441757D61B9F4D45941E2F71C47FEC75441757D61B9F4D45941E2F71C47FEC75441340BFB48CAD5594112A2DB295CC75441340BFB48CAD5594112A2DB295CC75441757D61B9F4D45941
9	Organization 9	Address 9	0103000020110F000001000000050000005F321D77DFEF54412FC60C5A22D65A41CCD4670AB9F054412FC60C5A22D65A41CCD4670AB9F0544191195A33FFD65A415F321D77DFEF544191195A33FFD65A415F321D77DFEF54412FC60C5A22D65A41
10	Organization 10	Address 10	0103000020110F000001000000050000008A62099F184D5641E144ED1635D35B41BEF0668B5A4E5641E144ED1635D35B41BEF0668B5A4E564140B65C23D3D35B418A62099F184D564140B65C23D3D35B418A62099F184D5641E144ED1635D35B41
11	Organization 11	Address 11	0103000020110F00000100000005000000F597593656145641547E5C3998725A417732ABD15B155641547E5C3998725A417732ABD15B155641F79F08C40B745A41F597593656145641F79F08C40B745A41F597593656145641547E5C3998725A41
12	Organization 12	Address 12	0103000020110F0000010000000500000044E4EBA0FBBB55414BC7F668A23E5A413A4EBA5355BD55414BC7F668A23E5A413A4EBA5355BD5541A284B487683F5A4144E4EBA0FBBB5541A284B487683F5A4144E4EBA0FBBB55414BC7F668A23E5A41
13	Organization 13	Address 13	0103000020110F000001000000050000009C7B47698FA85441E19FA5C54BB75A41969F9CC423A95441E19FA5C54BB75A41969F9CC423A954416FD6ACFEF5B75A419C7B47698FA854416FD6ACFEF5B75A419C7B47698FA85441E19FA5C54BB75A41
14	Organization 14	Address 14	0103000020110F000001000000050000005DB4783F5A2156417003D3B15D1F5B41F6FF5B14B52256417003D3B15D1F5B41F6FF5B14B522564107881DD243205B415DB4783F5A21564107881DD243205B415DB4783F5A2156417003D3B15D1F5B41
15	Organization 15	Address 15	0103000020110F00000100000005000000301E9E71E50756417A5F75960DF25A4110086EFDCE0856417A5F75960DF25A4110086EFDCE0856414D1C863C30F35A41301E9E71E50756414D1C863C30F35A41301E9E71E50756417A5F75960DF25A41
16	Organization 16	Address 16	0103000020110F000001000000050000005F5316FE8EAD5541F4233C14E3165B41897262FBF0AE5541F4233C14E3165B41897262FBF0AE55418D91F8C50C185B415F5316FE8EAD55418D91F8C50C185B415F5316FE8EAD5541F4233C14E3165B41
17	Organization 17	Address 17	0103000020110F0000010000000500000055E52FE309D05541F851D4AEC3905A414CF7F28B4FD15541F851D4AEC3905A414CF7F28B4FD155412FE579F078915A4155E52FE309D055412FE579F078915A4155E52FE309D05541F851D4AEC3905A41
18	Organization 18	Address 18	0103000020110F00000100000005000000800F1EE0783056414B969809DECC5A41325E2A08AE3156414B969809DECC5A41325E2A08AE315641016D26AD19CE5A41800F1EE078305641016D26AD19CE5A41800F1EE0783056414B969809DECC5A41
19	Organization 19	Address 19	0103000020110F000001000000050000009C6FA08F663D56419626C5008E645A41DFEFA9A6523E56419626C5008E645A41DFEFA9A6523E56413356523B37655A419C6FA08F663D56413356523B37655A419C6FA08F663D56419626C5008E645A41
20	Organization 20	Address 20	0103000020110F00000100000005000000421CF49ABC7A5541306015EF4AD25A413A40ECF6FF7B5541306015EF4AD25A413A40ECF6FF7B5541C79B7BB747D35A41421CF49ABC7A5541C79B7BB747D35A41421CF49ABC7A5541306015EF4AD25A41
21	Organization 21	Address 21	0103000020110F00000100000005000000331C7017363555417EB80DBBF7715A418C04F424083655417EB80DBBF7715A418C04F42408365541C614D4C66B735A41331C701736355541C614D4C66B735A41331C7017363555417EB80DBBF7715A41
22	Organization 22	Address 22	0103000020110F00000100000005000000A8A1EBDECFC1554147A6FB81EC525B41940F0820D3C2554147A6FB81EC525B41940F0820D3C25541D533A13FA6535B41A8A1EBDECFC15541D533A13FA6535B41A8A1EBDECFC1554147A6FB81EC525B41
23	Organization 23	Address 23	0103000020110F0000010000000500000083BE3A4487B954415287EA73CEB45A41CB422E4996BA54415287EA73CEB45A41CB422E4996BA54415C7BE98E83B55A4183BE3A4487B954415C7BE98E83B55A4183BE3A4487B954415287EA73CEB45A41
24	Organization 24	Address 24	0103000020110F000001000000050000007B45999210FC554145C0D25CFFFC59416691782AC0FC554145C0D25CFFFC59416691782AC0FC5541931E824793FD59417B45999210FC5541931E824793FD59417B45999210FC554145C0D25CFFFC5941
25	Organization 25	Address 25	0103000020110F00000100000005000000FE8C26C10D735441F0B8F423281F5A41A72390D4FD735441F0B8F423281F5A41A72390D4FD735441396A5C995A205A41FE8C26C10D735441396A5C995A205A41FE8C26C10D735441F0B8F423281F5A41
26	Organization 26	Address 26	0103000020110F00000100000005000000FA86E8964C1A554190AE0E9EA41B5B4118036D46D51A554190AE0E9EA41B5B4118036D46D51A554102DFB517321C5B41FA86E8964C1A554102DFB517321C5B41FA86E8964C1A554190AE0E9EA41B5B41
27	Organization 27	Address 27	0103000020110F000001000000050000005037EFE9B6F75441969DF8B2FB205B41369B5FBE62F85441969DF8B2FB205B41369B5FBE62F8544179F970B324225B415037EFE9B6F7544179F970B324225B415037EFE9B6F75441969DF8B2FB205B41
28	Organization 28	Address 28	0103000020110F000001000000050000001E7801E5F840554180EE857134115B415A1B8048BD41554180EE857134115B415A1B8048BD4155412E638CE83A125B411E7801E5F84055412E638CE83A125B411E7801E5F840554180EE857134115B41
29	Organization 29	Address 29	0103000020110F00000100000005000000BCE3D3DB569055418FB26322622C5A41728F3AFE509155418FB26322622C5A41728F3AFE50915541BE00D3263A2D5A41BCE3D3DB56905541BE00D3263A2D5A41BCE3D3DB569055418FB26322622C5A41
30	Organization 30	Address 30	0103000020110F0000010000000500000060FE8B68EC955541981848FF41CF59410F44199AF1965541981848FF41CF59410F44199AF1965541E468D0AA2ED0594160FE8B68EC955541E468D0AA2ED0594160FE8B68EC955541981848FF41CF5941
31	Organization 31	Address 31	0103000020110F00000100000005000000DE0C20A40E3F5641FE02D5AE48B45B41406B73759B3F5641FE02D5AE48B45B41406B73759B3F5641C8E3962E20B55B41DE0C20A40E3F5641C8E3962E20B55B41DE0C20A40E3F5641FE02D5AE48B45B41
32	Organization 32	Address 32	0103000020110F0000010000000500000091AA6C79F68555417CEC144F0C105B41B88F6B5A6D8755417CEC144F0C105B41B88F6B5A6D8755417B195AB792105B4191AA6C79F68555417B195AB792105B4191AA6C79F68555417CEC144F0C105B41
33	Organization 33	Address 33	0103000020110F00000100000005000000B1123471B2945441516806CA64945A413E878F9269955441516806CA64945A413E878F9269955441E7E7E4CBD0955A41B1123471B2945441E7E7E4CBD0955A41B1123471B2945441516806CA64945A41
34	Organization 34	Address 34	0103000020110F00000100000005000000E4DF70C3B2605441812D2142F6975B41079B389196615441812D2142F6975B41079B389196615441409862799A985B41E4DF70C3B2605441409862799A985B41E4DF70C3B2605441812D2142F6975B41
35	Organization 35	Address 35	0103000020110F00000100000005000000552A5453A910554159AE222DEA485A4117808E4EC411554159AE222DEA485A4117808E4EC4115541ED24B185E7495A41552A5453A9105541ED24B185E7495A41552A5453A910554159AE222DEA485A41
36	Organization 36	Address 36	0103000020110F00000100000005000000D6FC4462FCC855415489ACCBF6A55B41E1C8E851FFC955415489ACCBF6A55B41E1C8E851FFC95541BF9B438510A75B41D6FC4462FCC85541BF9B438510A75B41D6FC4462FCC855415489ACCBF6A55B41
37	Organization 37	Address 37	0103000020110F0000010000000500000013520923603F55417FA65E213F2F5B416098F1F34A4055417FA65E213F2F5B416098F1F34A40554164A2FE27AA305B4113520923603F554164A2FE27AA305B4113520923603F55417FA65E213F2F5B41
38	Organization 38	Address 38	0103000020110F0000010000000500000046B7260B01615441F0ED3EC207815B41A00604366B625441F0ED3EC207815B41A00604366B6254419406017F97815B4146B7260B016154419406017F97815B4146B7260B01615441F0ED3EC207815B41
39	Organization 39	Address 39	0103000020110F00000100000005000000917BEB77BEAD55414C29DD4467F65A41CBFACE08F0AE55414C29DD4467F65A41CBFACE08F0AE5541CC71200AEAF65A41917BEB77BEAD5541CC71200AEAF65A41917BEB77BEAD55414C29DD4467F65A41
40	Organization 40	Address 40	0103000020110F00000100000005000000820E2E9CCE5055413F8FD04F98D55A417C4107390A5255413F8FD04F98D55A417C4107390A5255412CA79E7D2CD65A41820E2E9CCE5055412CA79E7D2CD65A41820E2E9CCE5055413F8FD04F98D55A41
41	Organization 41	Address 41	0103000020110F0000010000000500000032CC60FB88795441E293E38D50E55A41D7B110130A7A5441E293E38D50E55A41D7B110130A7A5441654533044BE65A4132CC60FB88795441654533044BE65A4132CC60FB88795441E293E38D50E55A41
42	Organization 42	Address 42	0103000020110F00000100000005000000AF943D88D3D25541E5F165C08C5F5A41B895739309D45541E5F165C08C5F5A41B895739309D4554134B55433A7605A41AF943D88D3D2554134B55433A7605A41AF943D88D3D25541E5F165C08C5F5A41
43	Organization 43	Address 43	0103000020110F0000010000000500000062CBFEB45F335641A348F6812CC45A416A9C8AFFF9335641A348F6812CC45A416A9C8AFFF93356412CD71E00A1C55A4162CBFEB45F3356412CD71E00A1C55A4162CBFEB45F335641A348F6812CC45A41
44	Organization 44	Address 44	0103000020110F0000010000000500000036DE54416F6C54411D33425FB1DC59410AD048189B6D54411D33425FB1DC59410AD048189B6D5441CDED6336C8DD594136DE54416F6C5441CDED6336C8DD594136DE54416F6C54411D33425FB1DC5941
45	Organization 45	Address 45	0103000020110F00000100000005000000CC02235E23975441829E08BCAD1F5B419BCDA7A262985441829E08BCAD1F5B419BCDA7A26298544128A45AC813215B41CC02235E2397544128A45AC813215B41CC02235E23975441829E08BCAD1F5B41
46	Organization 46	Address 46	0103000020110F00000100000005000000DDFE09C47FC05441FAA1944B72A75B418F97CBD217C15441FAA1944B72A75B418F97CBD217C15441E4E437D244A85B41DDFE09C47FC05441E4E437D244A85B41DDFE09C47FC05441FAA1944B72A75B41
47	Organization 47	Address 47	0103000020110F00000100000005000000D2C7952DE9AC5541FB5F52AA1DCB5B41F5F972DDC9AD5541FB5F52AA1DCB5B41F5F972DDC9AD5541F6AD78F647CC5B41D2C7952DE9AC5541F6AD78F647CC5B41D2C7952DE9AC5541FB5F52AA1DCB5B41
48	Organization 48	Address 48	0103000020110F00000100000005000000F84FFEE8A3AE554171F3B50505F85A417E76DB5869AF554171F3B50505F85A417E76DB5869AF5541B4FC94F358F95A41F84FFEE8A3AE5541B4FC94F358F95A41F84FFEE8A3AE554171F3B50505F85A41
49	Organization 49	Address 49	0103000020110F00000100000005000000D231676092C35541E7D83E7FA54D5B41518C5FFAEFC45541E7D83E7FA54D5B41518C5FFAEFC455412FCC25AA914E5B41D231676092C355412FCC25AA914E5B41D231676092C35541E7D83E7FA54D5B41
50	Organization 50	Address 50	0103000020110F00000100000005000000063197FAB5BF544174F58BB4E8E459411F5E8FF95BC0544174F58BB4E8E459411F5E8FF95BC054416ADFFF8078E55941063197FAB5BF54416ADFFF8078E55941063197FAB5BF544174F58BB4E8E45941
51	Organization 51	Address 51	0103000020110F00000100000005000000D11E193FF3765441DDCC81D2455E5A4119A74DBC5E785441DDCC81D2455E5A4119A74DBC5E7854417D5F33C9475F5A41D11E193FF37654417D5F33C9475F5A41D11E193FF3765441DDCC81D2455E5A41
52	Organization 52	Address 52	0103000020110F0000010000000500000051AF7338C7DE5541E28CF81220D05A413AC9ED4DFFDF5541E28CF81220D05A413AC9ED4DFFDF5541F7D517D8B9D05A4151AF7338C7DE5541F7D517D8B9D05A4151AF7338C7DE5541E28CF81220D05A41
53	Organization 53	Address 53	0103000020110F0000010000000500000073D76D06994C56411E45C97EFA595A4145247255884D56411E45C97EFA595A4145247255884D5641CF97511FD75A5A4173D76D06994C5641CF97511FD75A5A4173D76D06994C56411E45C97EFA595A41
54	Organization 54	Address 54	0103000020110F00000100000005000000172946C1880F55419C4562BE6DE259411438EF65841055419C4562BE6DE259411438EF658410554169062F1EE1E35941172946C1880F554169062F1EE1E35941172946C1880F55419C4562BE6DE25941
55	Organization 55	Address 55	0103000020110F00000100000005000000DDCE297BCD3A5641F8218911D2535A414445F4E67F3B5641F8218911D2535A414445F4E67F3B5641D9A90892FD545A41DDCE297BCD3A5641D9A90892FD545A41DDCE297BCD3A5641F8218911D2535A41
56	Organization 56	Address 56	0103000020110F00000100000005000000C4E41EE5FF9254416985F75BB4ED5941491477CE4D9454416985F75BB4ED5941491477CE4D9454417BAEEB755DEE5941C4E41EE5FF9254417BAEEB755DEE5941C4E41EE5FF9254416985F75BB4ED5941
57	Organization 57	Address 57	0103000020110F0000010000000500000005A716A9FD0756419BD4F710D6E059417E6F03C0CB0856419BD4F710D6E059417E6F03C0CB08564152AD6F562BE2594105A716A9FD07564152AD6F562BE2594105A716A9FD0756419BD4F710D6E05941
58	Organization 58	Address 58	0103000020110F000001000000050000006F796A46CF165641E6EFE18BD65D5B411CB7FA3CB8175641E6EFE18BD65D5B411CB7FA3CB81756416F2CF208BB5E5B416F796A46CF1656416F2CF208BB5E5B416F796A46CF165641E6EFE18BD65D5B41
59	Organization 59	Address 59	0103000020110F0000010000000500000035369691905E5541E60D87C8095F5B418E4122E7B85F5541E60D87C8095F5B418E4122E7B85F55417A4C4EB0CC5F5B4135369691905E55417A4C4EB0CC5F5B4135369691905E5541E60D87C8095F5B41
60	Organization 60	Address 60	0103000020110F00000100000005000000CCD1D8538928554129AED084F7095A41329C62916A29554129AED084F7095A41329C62916A295541C7B3FBEF230B5A41CCD1D85389285541C7B3FBEF230B5A41CCD1D8538928554129AED084F7095A41
61	Organization 61	Address 61	0103000020110F000001000000050000009B96782B75B055418BD02BBB8EA15A415844A5D7D6B155418BD02BBB8EA15A415844A5D7D6B15541A2644014E2A25A419B96782B75B05541A2644014E2A25A419B96782B75B055418BD02BBB8EA15A41
62	Organization 62	Address 62	0103000020110F0000010000000500000023F7C8829B9E5541847EBB69845A5B41C988D62CBB9F5541847EBB69845A5B41C988D62CBB9F5541D0B1EC810B5B5B4123F7C8829B9E5541D0B1EC810B5B5B4123F7C8829B9E5541847EBB69845A5B41
63	Organization 63	Address 63	0103000020110F00000100000005000000DA9A0C1AF6FF54411F5D9AD6DDD15B4191D0E25D000155411F5D9AD6DDD15B4191D0E25D00015541B75CE28D2CD35B41DA9A0C1AF6FF5441B75CE28D2CD35B41DA9A0C1AF6FF54411F5D9AD6DDD15B41
64	Organization 64	Address 64	0103000020110F00000100000005000000E158D07E6E9855410D835159EFBD5B41B2A2B9BFDF9955410D835159EFBD5B41B2A2B9BFDF995541836D4B283ABF5B41E158D07E6E985541836D4B283ABF5B41E158D07E6E9855410D835159EFBD5B41
65	Organization 65	Address 65	0103000020110F00000100000005000000499D9BC1EE0656411C8D6703ED6A5B412C2ED606F70756411C8D6703ED6A5B412C2ED606F7075641D588FC55326C5B41499D9BC1EE065641D588FC55326C5B41499D9BC1EE0656411C8D6703ED6A5B41
66	Organization 66	Address 66	0103000020110F000001000000050000007CC0F511997B5441D29C8A986B605A41847AE810467C5441D29C8A986B605A41847AE810467C5441468529638F615A417CC0F511997B5441468529638F615A417CC0F511997B5441D29C8A986B605A41
67	Organization 67	Address 67	0103000020110F00000100000005000000CAAB95C8C24C56410946C73C2E215A412B9BD8AED54D56410946C73C2E215A412B9BD8AED54D5641A4DD21A9DA215A41CAAB95C8C24C5641A4DD21A9DA215A41CAAB95C8C24C56410946C73C2E215A41
68	Organization 68	Address 68	0103000020110F0000010000000500000060CBE9C6442B5641535692ABBA8A5A41B06AFEDE3F2C5641535692ABBA8A5A41B06AFEDE3F2C564190E6FF947F8B5A4160CBE9C6442B564190E6FF947F8B5A4160CBE9C6442B5641535692ABBA8A5A41
69	Organization 69	Address 69	0103000020110F00000100000005000000C370C67F95275541D6B6C09F7F4D5A41D5653E5649285541D6B6C09F7F4D5A41D5653E56492855415DC519A2ED4E5A41C370C67F952755415DC519A2ED4E5A41C370C67F95275541D6B6C09F7F4D5A41
70	Organization 70	Address 70	0103000020110F000001000000050000009EE524EEFB3D554117C6F503E0495B41264FBDA25A3F554117C6F503E0495B41264FBDA25A3F554169294E8EDB4A5B419EE524EEFB3D554169294E8EDB4A5B419EE524EEFB3D554117C6F503E0495B41
71	Organization 71	Address 71	0103000020110F000001000000050000005727305879E95541A165A7354B275B41BE179EC13FEA5541A165A7354B275B41BE179EC13FEA554169DC278186285B415727305879E9554169DC278186285B415727305879E95541A165A7354B275B41
72	Organization 72	Address 72	0103000020110F00000100000005000000B1644376D91D5641CF4BFD96AE5C5B41BFB6DD1E121F5641CF4BFD96AE5C5B41BFB6DD1E121F5641C5562883F55D5B41B1644376D91D5641C5562883F55D5B41B1644376D91D5641CF4BFD96AE5C5B41
73	Organization 73	Address 73	0103000020110F00000100000005000000F594877B23E9554198439C1E4B805A41FD3508D13CEA554198439C1E4B805A41FD3508D13CEA55412FC4C23FD3805A41F594877B23E955412FC4C23FD3805A41F594877B23E9554198439C1E4B805A41
74	Organization 74	Address 74	0103000020110F00000100000005000000382C2817B9E15541B9A38E8C2E5A5A4180DB4A8C62E25541B9A38E8C2E5A5A4180DB4A8C62E25541E20D45C1B75A5A41382C2817B9E15541E20D45C1B75A5A41382C2817B9E15541B9A38E8C2E5A5A41
75	Organization 75	Address 75	0103000020110F0000010000000500000041E0D018AF6C5541C8380B7CE0B55B419E418156D46D5541C8380B7CE0B55B419E418156D46D55414A3ABE1FF7B65B4141E0D018AF6C55414A3ABE1FF7B65B4141E0D018AF6C5541C8380B7CE0B55B41
76	Organization 76	Address 76	0103000020110F000001000000050000002543FD37D2E655419516112833B55B4148336700B7E755419516112833B55B4148336700B7E75541D30FD61EE7B55B412543FD37D2E65541D30FD61EE7B55B412543FD37D2E655419516112833B55B41
77	Organization 77	Address 77	0103000020110F000001000000050000004738AE3486305541541CD632EF275B41FBE588B486315541541CD632EF275B41FBE588B486315541EB236C2D2D295B414738AE3486305541EB236C2D2D295B414738AE3486305541541CD632EF275B41
78	Organization 78	Address 78	0103000020110F00000100000005000000A3B4D66AD2A855419E6F58F1B6E85A4189A856EF63A955419E6F58F1B6E85A4189A856EF63A9554134790BDC58E95A41A3B4D66AD2A8554134790BDC58E95A41A3B4D66AD2A855419E6F58F1B6E85A41
79	Organization 79	Address 79	0103000020110F00000100000005000000BCCC4B9BE41A56411C8765FDA1CF5941C1B68971931B56411C8765FDA1CF5941C1B68971931B5641D1C427DCCDD05941BCCC4B9BE41A5641D1C427DCCDD05941BCCC4B9BE41A56411C8765FDA1CF5941
80	Organization 80	Address 80	0103000020110F00000100000005000000A04FBE7804DE54411849C8D9F4D95A412D9BE9EEBFDE54411849C8D9F4D95A412D9BE9EEBFDE54413F40F600FEDA5A41A04FBE7804DE54413F40F600FEDA5A41A04FBE7804DE54411849C8D9F4D95A41
81	Organization 81	Address 81	0103000020110F000001000000050000005708A6DA16D6554175B106A8FE3C5A41BC9495C271D7554175B106A8FE3C5A41BC9495C271D755413632A816D03D5A415708A6DA16D655413632A816D03D5A415708A6DA16D6554175B106A8FE3C5A41
82	Organization 82	Address 82	0103000020110F00000100000005000000C1DB653845625441F26FD508010B5B4129C378380A635441F26FD508010B5B4129C378380A635441FD637E32F90B5B41C1DB653845625441FD637E32F90B5B41C1DB653845625441F26FD508010B5B41
83	Organization 83	Address 83	0103000020110F00000100000005000000B0C38B84E42E554137ACD1667BCA5941E7B74F851F30554137ACD1667BCA5941E7B74F851F30554106BC6B9514CB5941B0C38B84E42E554106BC6B9514CB5941B0C38B84E42E554137ACD1667BCA5941
84	Organization 84	Address 84	0103000020110F00000100000005000000B2941D0E309754411BF43CDA15A95B417CDC13D13E9854411BF43CDA15A95B417CDC13D13E9854417A085B6B7AAA5B41B2941D0E309754417A085B6B7AAA5B41B2941D0E309754411BF43CDA15A95B41
85	Organization 85	Address 85	0103000020110F00000100000005000000EE41F7C7C945564167F66A04C1C95B416B52A75D9446564167F66A04C1C95B416B52A75D94465641A40510BA65CA5B41EE41F7C7C9455641A40510BA65CA5B41EE41F7C7C945564167F66A04C1C95B41
86	Organization 86	Address 86	0103000020110F00000100000005000000DB7EFF2FA9FE5441FA17B77AD79A5B415380E498AAFF5441FA17B77AD79A5B415380E498AAFF54417216E7AB1A9C5B41DB7EFF2FA9FE54417216E7AB1A9C5B41DB7EFF2FA9FE5441FA17B77AD79A5B41
87	Organization 87	Address 87	0103000020110F00000100000005000000D3D5C1443ACF54414C61906A16B35A41CEF03C702AD054414C61906A16B35A41CEF03C702AD0544113E707AD2FB45A41D3D5C1443ACF544113E707AD2FB45A41D3D5C1443ACF54414C61906A16B35A41
88	Organization 88	Address 88	0103000020110F00000100000005000000EA9E166E58A15541B1D0213335BC5A41D93E21AF26A25541B1D0213335BC5A41D93E21AF26A255413A24F1C944BD5A41EA9E166E58A155413A24F1C944BD5A41EA9E166E58A15541B1D0213335BC5A41
89	Organization 89	Address 89	0103000020110F0000010000000500000032FDBCE16E4A55418D83372710285B41C59D1232EF4A55418D83372710285B41C59D1232EF4A55413BD1595EAA285B4132FDBCE16E4A55413BD1595EAA285B4132FDBCE16E4A55418D83372710285B41
90	Organization 90	Address 90	0103000020110F000001000000050000005DB262EEC3535541001510F7C2185B414F425F58CB545541001510F7C2185B414F425F58CB545541A616182890195B415DB262EEC3535541A616182890195B415DB262EEC3535541001510F7C2185B41
91	Organization 91	Address 91	0103000020110F00000100000005000000B5C869E13CCB554197997612622F5B4134F4BA6D1DCC554197997612622F5B4134F4BA6D1DCC554121EFB556FD2F5B41B5C869E13CCB554121EFB556FD2F5B41B5C869E13CCB554197997612622F5B41
92	Organization 92	Address 92	0103000020110F00000100000005000000B2E41E4F377B54417F1FD8B19AFC5A41081DA99C8F7C54417F1FD8B19AFC5A41081DA99C8F7C54416BA5D5AFD2FD5A41B2E41E4F377B54416BA5D5AFD2FD5A41B2E41E4F377B54417F1FD8B19AFC5A41
93	Organization 93	Address 93	0103000020110F00000100000005000000594C367F324855416FEE449EB0705A41FD71761FF24855416FEE449EB0705A41FD71761FF2485541C92369C208725A41594C367F32485541C92369C208725A41594C367F324855416FEE449EB0705A41
94	Organization 94	Address 94	0103000020110F00000100000005000000B2CF4632F0DC5441FE3F3142EED65941D6762CC9B2DD5441FE3F3142EED65941D6762CC9B2DD544144E2D912C9D75941B2CF4632F0DC544144E2D912C9D75941B2CF4632F0DC5441FE3F3142EED65941
95	Organization 95	Address 95	0103000020110F00000100000005000000F23A8D2B092055412A4F64CD62A75A418CCFCCEDCC2055412A4F64CD62A75A418CCFCCEDCC2055419E8C261A12A85A41F23A8D2B092055419E8C261A12A85A41F23A8D2B092055412A4F64CD62A75A41
96	Organization 96	Address 96	0103000020110F00000100000005000000B4F7F37603815541EE0C1007CCB25B4115B2A9C4D7815541EE0C1007CCB25B4115B2A9C4D7815541D0202B1457B35B41B4F7F37603815541D0202B1457B35B41B4F7F37603815541EE0C1007CCB25B41
97	Organization 97	Address 97	0103000020110F00000100000005000000C6161B9E1584554177C0A072A52D5B41273B3027D784554177C0A072A52D5B41273B3027D7845541CEE99A8C312E5B41C6161B9E15845541CEE99A8C312E5B41C6161B9E1584554177C0A072A52D5B41
98	Organization 98	Address 98	0103000020110F00000100000005000000C2892684C0145541457181C2733B5A413A613195DF155541457181C2733B5A413A613195DF15554186327C62C53C5A41C2892684C014554186327C62C53C5A41C2892684C0145541457181C2733B5A41
99	Organization 99	Address 99	0103000020110F000001000000050000002E634BF061CE55417BAB7644EFE15941005F75BB59CF55417BAB7644EFE15941005F75BB59CF55417E67D3DE40E359412E634BF061CE55417E67D3DE40E359412E634BF061CE55417BAB7644EFE15941
100	Organization 100	Address 100	0103000020110F000001000000050000003B6BB99F9F1155413CB7EFA804D45B41188D1000511255413CB7EFA804D45B41188D1000511255414E18052701D55B413B6BB99F9F1155414E18052701D55B413B6BB99F9F1155413CB7EFA804D45B41
101	Organization 101	Address 101	0103000020110F0000010000000500000039D2554855A85441D1C537BF9A7A5B412E55624C3FA95441D1C537BF9A7A5B412E55624C3FA954414DE82781537B5B4139D2554855A854414DE82781537B5B4139D2554855A85441D1C537BF9A7A5B41
102	Organization 102	Address 102	0103000020110F00000100000005000000D7B9B481D9C7544184D29CDBC8455A418F06E918D4C8544184D29CDBC8455A418F06E918D4C854414F39BC719F465A41D7B9B481D9C754414F39BC719F465A41D7B9B481D9C7544184D29CDBC8455A41
103	Organization 103	Address 103	0103000020110F00000100000005000000F1A285B76B065641E8B4537C9E495B41A346E56067075641E8B4537C9E495B41A346E560670756411ECBCA298E4A5B41F1A285B76B0656411ECBCA298E4A5B41F1A285B76B065641E8B4537C9E495B41
104	Organization 104	Address 104	0103000020110F00000100000005000000A256644605B85441BA2B4FBDF45B5B4157BD5AAF7BB95441BA2B4FBDF45B5B4157BD5AAF7BB95441CB2A5CE5F75C5B41A256644605B85441CB2A5CE5F75C5B41A256644605B85441BA2B4FBDF45B5B41
105	Organization 105	Address 105	0103000020110F00000100000005000000D688DF94D0775541BC724A74FB915A410223515BD3785541BC724A74FB915A410223515BD37855416F288B78FD925A41D688DF94D07755416F288B78FD925A41D688DF94D0775541BC724A74FB915A41
106	Organization 106	Address 106	0103000020110F000001000000050000007B9DA89B5C26564116985A8B42105A416465EA648827564116985A8B42105A416465EA64882756412861C449F4105A417B9DA89B5C2656412861C449F4105A417B9DA89B5C26564116985A8B42105A41
107	Organization 107	Address 107	0103000020110F0000010000000500000020B988E1EF8A54414A03B45287D45941FC680E18B58B54414A03B45287D45941FC680E18B58B54416B5E93F273D5594120B988E1EF8A54416B5E93F273D5594120B988E1EF8A54414A03B45287D45941
108	Organization 108	Address 108	0103000020110F00000100000005000000BDBF27AAB83B554170C410CF3AA85A412F1BAF2D3F3C554170C410CF3AA85A412F1BAF2D3F3C554101E4410C72A95A41BDBF27AAB83B554101E4410C72A95A41BDBF27AAB83B554170C410CF3AA85A41
109	Organization 109	Address 109	0103000020110F000001000000050000007925DE3C0AAE54419ADFB924F0185A41E2912302DAAE54419ADFB924F0185A41E2912302DAAE5441C71FCED2071A5A417925DE3C0AAE5441C71FCED2071A5A417925DE3C0AAE54419ADFB924F0185A41
110	Organization 110	Address 110	0103000020110F000001000000050000004600EB2AB04055418E4060AE28915B41EAC9A26EC44155418E4060AE28915B41EAC9A26EC44155413392585FB2915B414600EB2AB04055413392585FB2915B414600EB2AB04055418E4060AE28915B41
111	Organization 111	Address 111	0103000020110F00000100000005000000C2EB85C198635441FADA89CEC7E45A41E92A56CAA5645441FADA89CEC7E45A41E92A56CAA5645441AB4B1A1FACE55A41C2EB85C198635441AB4B1A1FACE55A41C2EB85C198635441FADA89CEC7E45A41
112	Organization 112	Address 112	0103000020110F00000100000005000000CD71B38A5AF45541409AF3D6C8F15A416EF05BE222F55541409AF3D6C8F15A416EF05BE222F555414562284805F35A41CD71B38A5AF455414562284805F35A41CD71B38A5AF45541409AF3D6C8F15A41
113	Organization 113	Address 113	0103000020110F000001000000050000003A2CA26BFD8F5541AFA181EC59AB5A415D666EB382905541AFA181EC59AB5A415D666EB3829055412AEAD88097AC5A413A2CA26BFD8F55412AEAD88097AC5A413A2CA26BFD8F5541AFA181EC59AB5A41
114	Organization 114	Address 114	0103000020110F00000100000005000000E8C0171C90355541E723810551555B41ACCB30B075365541E723810551555B41ACCB30B0753655419E7DC43793565B41E8C0171C903555419E7DC43793565B41E8C0171C90355541E723810551555B41
115	Organization 115	Address 115	0103000020110F000001000000050000003562D59F3C4D55418E09BB3A52845B41BFAC9AED4D4E55418E09BB3A52845B41BFAC9AED4D4E5541EE47744C65855B413562D59F3C4D5541EE47744C65855B413562D59F3C4D55418E09BB3A52845B41
116	Organization 116	Address 116	0103000020110F00000100000005000000929C9881DA4A5541D905DA2B30BA5A41181AE5856A4B5541D905DA2B30BA5A41181AE5856A4B55410F3575EE71BB5A41929C9881DA4A55410F3575EE71BB5A41929C9881DA4A5541D905DA2B30BA5A41
117	Organization 117	Address 117	0103000020110F00000100000005000000823C5D6FDF2E5641ABB474D7AB685A41589EE9284E305641ABB474D7AB685A41589EE9284E30564117F0AC6F87695A41823C5D6FDF2E564117F0AC6F87695A41823C5D6FDF2E5641ABB474D7AB685A41
118	Organization 118	Address 118	0103000020110F00000100000005000000B6DD38C6B85C5541DCA695458E185A41E9716534165E5541DCA695458E185A41E9716534165E554143EA7024DC195A41B6DD38C6B85C554143EA7024DC195A41B6DD38C6B85C5541DCA695458E185A41
119	Organization 119	Address 119	0103000020110F000001000000050000007C39F4DC21605441909533E57ECA5B41E5BD31514A615441909533E57ECA5B41E5BD31514A6154415F073BA38ACB5B417C39F4DC216054415F073BA38ACB5B417C39F4DC21605441909533E57ECA5B41
120	Organization 120	Address 120	0103000020110F00000100000005000000C5BFCCD8B1A255414D186F472B7E5A419A9836471DA455414D186F472B7E5A419A9836471DA45541F5558CE9527F5A41C5BFCCD8B1A25541F5558CE9527F5A41C5BFCCD8B1A255414D186F472B7E5A41
121	Organization 121	Address 121	0103000020110F00000100000005000000CCE4024B776755417EE9C0BE84465A410BC114404C6855417EE9C0BE84465A410BC114404C685541587FF852E0475A41CCE4024B77675541587FF852E0475A41CCE4024B776755417EE9C0BE84465A41
122	Organization 122	Address 122	0103000020110F00000100000005000000A46E4288767C5441227C516E5B8C5A41AD0C36EF487D5441227C516E5B8C5A41AD0C36EF487D544177203E2D378D5A41A46E4288767C544177203E2D378D5A41A46E4288767C5441227C516E5B8C5A41
123	Organization 123	Address 123	0103000020110F00000100000005000000EAFCAA063D40554140F18DA5FDBA5B41D4AEEC4D5A41554140F18DA5FDBA5B41D4AEEC4D5A4155410873423416BC5B41EAFCAA063D4055410873423416BC5B41EAFCAA063D40554140F18DA5FDBA5B41
124	Organization 124	Address 124	0103000020110F0000010000000500000011C3F08AC2D65441A449C1BDBD345A41E7AF4CFB1DD85441A449C1BDBD345A41E7AF4CFB1DD85441C6F8B8C558355A4111C3F08AC2D65441C6F8B8C558355A4111C3F08AC2D65441A449C1BDBD345A41
125	Organization 125	Address 125	0103000020110F0000010000000500000058D2EBA641D55541BA8B0B1D5C335A41E58C0B3924D65541BA8B0B1D5C335A41E58C0B3924D65541D75DC646CB345A4158D2EBA641D55541D75DC646CB345A4158D2EBA641D55541BA8B0B1D5C335A41
126	Organization 126	Address 126	0103000020110F00000100000005000000E0B05BB485B3544155F917394D445A41768D1E5F6CB4544155F917394D445A41768D1E5F6CB45441ED39AF13FE445A41E0B05BB485B35441ED39AF13FE445A41E0B05BB485B3544155F917394D445A41
127	Organization 127	Address 127	0103000020110F000001000000050000001A61353DD91E55419940B000B4425A41B1D4DC82EE1F55419940B000B4425A41B1D4DC82EE1F5541919C7898E6435A411A61353DD91E5541919C7898E6435A411A61353DD91E55419940B000B4425A41
128	Organization 128	Address 128	0103000020110F000001000000050000005154CCA5457A554181790BEF97645B413D3AFC8A827B554181790BEF97645B413D3AFC8A827B5541333ADD9C1A655B415154CCA5457A5541333ADD9C1A655B415154CCA5457A554181790BEF97645B41
129	Organization 129	Address 129	0103000020110F000001000000050000006820AA3757B15441E4D62E1D85BB5B4155264F2AFAB15441E4D62E1D85BB5B4155264F2AFAB1544193C21643BCBC5B416820AA3757B1544193C21643BCBC5B416820AA3757B15441E4D62E1D85BB5B41
130	Organization 130	Address 130	0103000020110F000001000000050000003F42832F8107554138FBE9EF4F0D5A41F453E5571508554138FBE9EF4F0D5A41F453E55715085541572C2CA9C00E5A413F42832F81075541572C2CA9C00E5A413F42832F8107554138FBE9EF4F0D5A41
131	Organization 131	Address 131	0103000020110F0000010000000500000091F28469887D554174CCB17FE53C5B41C288CCE35A7E554174CCB17FE53C5B41C288CCE35A7E554167D9A402113E5B4191F28469887D554167D9A402113E5B4191F28469887D554174CCB17FE53C5B41
132	Organization 132	Address 132	0103000020110F00000100000005000000294B00A79EB654415B58E6619B845B415ADF04FD64B754415B58E6619B845B415ADF04FD64B75441E3EB250BB9855B41294B00A79EB65441E3EB250BB9855B41294B00A79EB654415B58E6619B845B41
133	Organization 133	Address 133	0103000020110F00000100000005000000E022B6FD04DD54419BC50C2A00DF5A41779650C56DDE54419BC50C2A00DF5A41779650C56DDE5441AF2022465FE05A41E022B6FD04DD5441AF2022465FE05A41E022B6FD04DD54419BC50C2A00DF5A41
134	Organization 134	Address 134	0103000020110F00000100000005000000E75F333C3F6254413E4F001CA8815A419D18E5A0656354413E4F001CA8815A419D18E5A065635441616AB3C117835A41E75F333C3F625441616AB3C117835A41E75F333C3F6254413E4F001CA8815A41
135	Organization 135	Address 135	0103000020110F00000100000005000000FEF9FBE8C4555541C6B90E8992B45B411C616DE09D565541C6B90E8992B45B411C616DE09D565541471913B967B55B41FEF9FBE8C4555541471913B967B55B41FEF9FBE8C4555541C6B90E8992B45B41
136	Organization 136	Address 136	0103000020110F00000100000005000000BBEAF49B13F75441CD9C75C754D55B41390D1AE119F85441CD9C75C754D55B41390D1AE119F85441942A6731DBD55B41BBEAF49B13F75441942A6731DBD55B41BBEAF49B13F75441CD9C75C754D55B41
137	Organization 137	Address 137	0103000020110F000001000000050000001A36FDC961A45541BCB02C70FFEC5A4129E1428743A55541BCB02C70FFEC5A4129E1428743A55541354D340FF4ED5A411A36FDC961A45541354D340FF4ED5A411A36FDC961A45541BCB02C70FFEC5A41
138	Organization 138	Address 138	0103000020110F00000100000005000000E68AC0D1A25655414F6523C6FB455B41581BB565915755414F6523C6FB455B41581BB56591575541690AF0632C475B41E68AC0D1A2565541690AF0632C475B41E68AC0D1A25655414F6523C6FB455B41
139	Organization 139	Address 139	0103000020110F00000100000005000000E5826566A67D544144320CDA16B45B416BD1C7C1187F544144320CDA16B45B416BD1C7C1187F544100574A8660B55B41E5826566A67D544100574A8660B55B41E5826566A67D544144320CDA16B45B41
140	Organization 140	Address 140	0103000020110F00000100000005000000FEAFEC301F765541D20E44084E005A41D682E57712775541D20E44084E005A41D682E5771277554102D4B1E97E015A41FEAFEC301F76554102D4B1E97E015A41FEAFEC301F765541D20E44084E005A41
141	Organization 141	Address 141	0103000020110F0000010000000500000006443CAEB6E35541ABCA127305AF5B41D80A696347E45541ABCA127305AF5B41D80A696347E455419FD8522F32B05B4106443CAEB6E355419FD8522F32B05B4106443CAEB6E35541ABCA127305AF5B41
142	Organization 142	Address 142	0103000020110F000001000000050000001EEEA801D3FB5441356AF769A7895B418F48694BB7FC5441356AF769A7895B418F48694BB7FC544193B9C5EA578A5B411EEEA801D3FB544193B9C5EA578A5B411EEEA801D3FB5441356AF769A7895B41
143	Organization 143	Address 143	0103000020110F000001000000050000003A2E5539ECE4544103063BDFD0105B4145F2084DA2E5544103063BDFD0105B4145F2084DA2E55441F00C54D63D125B413A2E5539ECE45441F00C54D63D125B413A2E5539ECE4544103063BDFD0105B41
144	Organization 144	Address 144	0103000020110F000001000000050000005E275E17689254416E04B6D484405A41E448D211629354416E04B6D484405A41E448D21162935441A649EA18A0415A415E275E1768925441A649EA18A0415A415E275E17689254416E04B6D484405A41
145	Organization 145	Address 145	0103000020110F000001000000050000008A76A7F8B1EC55416FB90F035AEA5A41D349E17362ED55416FB90F035AEA5A41D349E17362ED5541CDDE96BF48EB5A418A76A7F8B1EC5541CDDE96BF48EB5A418A76A7F8B1EC55416FB90F035AEA5A41
146	Organization 146	Address 146	0103000020110F00000100000005000000F1541A3CC8875541987B1CF9AEEA5A412624360079885541987B1CF9AEEA5A412624360079885541B9BD28B0BEEB5A41F1541A3CC8875541B9BD28B0BEEB5A41F1541A3CC8875541987B1CF9AEEA5A41
147	Organization 147	Address 147	0103000020110F0000010000000500000091886F497CCA5441F54C873275165B4189E37B5658CB5441F54C873275165B4189E37B5658CB54411561D58DE5175B4191886F497CCA54411561D58DE5175B4191886F497CCA5441F54C873275165B41
148	Organization 148	Address 148	0103000020110F00000100000005000000B08689ADDC425641A131F22283D35A415AA98C598E435641A131F22283D35A415AA98C598E43564191B761DE58D45A41B08689ADDC42564191B761DE58D45A41B08689ADDC425641A131F22283D35A41
149	Organization 149	Address 149	0103000020110F00000100000005000000AF5695B2832D56419DD44442E5725B41AF9C5CD1062E56419DD44442E5725B41AF9C5CD1062E5641A87643DC09745B41AF5695B2832D5641A87643DC09745B41AF5695B2832D56419DD44442E5725B41
150	Organization 150	Address 150	0103000020110F000001000000050000008DEF3317CBE45541F8B3FE2E2C805B41CD27AB3A72E55541F8B3FE2E2C805B41CD27AB3A72E555414AB0DA241D815B418DEF3317CBE455414AB0DA241D815B418DEF3317CBE45541F8B3FE2E2C805B41
151	Organization 151	Address 151	0103000020110F000001000000050000002C512F57E1925441C9F4B5F1C33B5A412F269F5984935441C9F4B5F1C33B5A412F269F59849354417B1AF921F63C5A412C512F57E19254417B1AF921F63C5A412C512F57E1925441C9F4B5F1C33B5A41
152	Organization 152	Address 152	0103000020110F00000100000005000000C56E08AF9BB4554166433ADA0FE55941620C26C0A1B5554166433ADA0FE55941620C26C0A1B555413384C42620E65941C56E08AF9BB455413384C42620E65941C56E08AF9BB4554166433ADA0FE55941
153	Organization 153	Address 153	0103000020110F00000100000005000000AC50E96B968A5541A57ACD9C1E8A5B41A2C4BD31FD8B5541A57ACD9C1E8A5B41A2C4BD31FD8B554106B2A325608B5B41AC50E96B968A554106B2A325608B5B41AC50E96B968A5541A57ACD9C1E8A5B41
154	Organization 154	Address 154	0103000020110F0000010000000500000096C2D167D32F55411906335C36E15A41C01F7637373155411906335C36E15A41C01F763737315541CB9B6C868AE25A4196C2D167D32F5541CB9B6C868AE25A4196C2D167D32F55411906335C36E15A41
155	Organization 155	Address 155	0103000020110F000001000000050000007372B7F1B51D55415F832E5652C85B4126BBA6CE7A1E55415F832E5652C85B4126BBA6CE7A1E5541D5A2CEB3B9C95B417372B7F1B51D5541D5A2CEB3B9C95B417372B7F1B51D55415F832E5652C85B41
156	Organization 156	Address 156	0103000020110F0000010000000500000057286EDAB1D3544174FFB163C1A55A419465B0C562D4544174FFB163C1A55A419465B0C562D45441961548C247A65A4157286EDAB1D35441961548C247A65A4157286EDAB1D3544174FFB163C1A55A41
157	Organization 157	Address 157	0103000020110F0000010000000500000082A0F2F3C7D055413B33987A1D1E5B41ED957CDF20D255413B33987A1D1E5B41ED957CDF20D25541B2B9B9F9AF1E5B4182A0F2F3C7D05541B2B9B9F9AF1E5B4182A0F2F3C7D055413B33987A1D1E5B41
158	Organization 158	Address 158	0103000020110F000001000000050000003242B4E53ED85441B3BAFE47BEB25B41554E430C5ED95441B3BAFE47BEB25B41554E430C5ED9544139C8E2C330B45B413242B4E53ED8544139C8E2C330B45B413242B4E53ED85441B3BAFE47BEB25B41
159	Organization 159	Address 159	0103000020110F00000100000005000000342B871A9B7154415C358386541D5A41D1A6AD083B7254415C358386541D5A41D1A6AD083B7254414F68FC76851E5A41342B871A9B7154414F68FC76851E5A41342B871A9B7154415C358386541D5A41
160	Organization 160	Address 160	0103000020110F000001000000050000004AAAC7C429175541AC1497AE4D655A41E8740182DA175541AC1497AE4D655A41E8740182DA17554186ECF9DDCE655A414AAAC7C42917554186ECF9DDCE655A414AAAC7C429175541AC1497AE4D655A41
161	Organization 161	Address 161	0103000020110F000001000000050000006E5379A1FE3B5641E8797466C25E5B41EDAC96ACAD3C5641E8797466C25E5B41EDAC96ACAD3C5641BC4C9BE2535F5B416E5379A1FE3B5641BC4C9BE2535F5B416E5379A1FE3B5641E8797466C25E5B41
162	Organization 162	Address 162	0103000020110F00000100000005000000BA7E87CD827B554136DD55A7F5395A4185ABD75FAC7C554136DD55A7F5395A4185ABD75FAC7C5541CF2F7AC7CB3A5A41BA7E87CD827B5541CF2F7AC7CB3A5A41BA7E87CD827B554136DD55A7F5395A41
163	Organization 163	Address 163	0103000020110F00000100000005000000F01C2ABF150F5641E668CDC623EA5A41C5760565FD0F5641E668CDC623EA5A41C5760565FD0F5641F9E4F11D43EB5A41F01C2ABF150F5641F9E4F11D43EB5A41F01C2ABF150F5641E668CDC623EA5A41
164	Organization 164	Address 164	0103000020110F0000010000000500000071499C8E42B15541105A999C5D8F5A418C3D368CEAB15541105A999C5D8F5A418C3D368CEAB155416BC31F092C905A4171499C8E42B155416BC31F092C905A4171499C8E42B15541105A999C5D8F5A41
165	Organization 165	Address 165	0103000020110F000001000000050000004094AB57043F564148734DA2E3125B4168F8B652923F564148734DA2E3125B4168F8B652923F564143B0E6A798135B414094AB57043F564143B0E6A798135B414094AB57043F564148734DA2E3125B41
166	Organization 166	Address 166	0103000020110F000001000000050000000CADF9477B7155410E858FEBDF5A5B4100B1E30A787255410E858FEBDF5A5B4100B1E30A78725541101CDF82D15B5B410CADF9477B715541101CDF82D15B5B410CADF9477B7155410E858FEBDF5A5B41
167	Organization 167	Address 167	0103000020110F00000100000005000000925418BE139755414533BDB13A065A41986D3DE84A9855414533BDB13A065A41986D3DE84A985541B0B138DAEF065A41925418BE13975541B0B138DAEF065A41925418BE139755414533BDB13A065A41
168	Organization 168	Address 168	0103000020110F0000010000000500000013EE775C32205541996BAC24F4845A41CA80398B8F215541996BAC24F4845A41CA80398B8F215541829AB992D3855A4113EE775C32205541829AB992D3855A4113EE775C32205541996BAC24F4845A41
169	Organization 169	Address 169	0103000020110F0000010000000500000038A018A2090A5641B49C140484345A415CEBEC11550B5641B49C140484345A415CEBEC11550B5641606965746A355A4138A018A2090A5641606965746A355A4138A018A2090A5641B49C140484345A41
170	Organization 170	Address 170	0103000020110F00000100000005000000A4E999D78BE854412B67C967C3945A41F35DFB8F61E954412B67C967C3945A41F35DFB8F61E95441D317466A19965A41A4E999D78BE85441D317466A19965A41A4E999D78BE854412B67C967C3945A41
171	Organization 171	Address 171	0103000020110F000001000000050000007440C1D67BF95441382D124F33285A41B8B6E720C2FA5441382D124F33285A41B8B6E720C2FA5441D11F44EBEF285A417440C1D67BF95441D11F44EBEF285A417440C1D67BF95441382D124F33285A41
172	Organization 172	Address 172	0103000020110F000001000000050000009CF616ABB8165541BE1AE77F0CAA5B41CE64C4E2D5175541BE1AE77F0CAA5B41CE64C4E2D5175541516F98BF7FAB5B419CF616ABB8165541516F98BF7FAB5B419CF616ABB8165541BE1AE77F0CAA5B41
173	Organization 173	Address 173	0103000020110F00000100000005000000A6492A877499544155FFA1336E185B41144E2148609A544155FFA1336E185B41144E2148609A54414B4B21967D195B41A6492A87749954414B4B21967D195B41A6492A877499544155FFA1336E185B41
174	Organization 174	Address 174	0103000020110F000001000000050000007F25D575D796544115DA5839152A5B41E8252585AC97544115DA5839152A5B41E8252585AC9754417CDCC5B8E92A5B417F25D575D79654417CDCC5B8E92A5B417F25D575D796544115DA5839152A5B41
175	Organization 175	Address 175	0103000020110F0000010000000500000090883B3E763D5641BE349C5620695B412544192FB63E5641BE349C5620695B412544192FB63E56419878EBB3ED695B4190883B3E763D56419878EBB3ED695B4190883B3E763D5641BE349C5620695B41
176	Organization 176	Address 176	0103000020110F00000100000005000000B5F8671EB3EC544154EBF83C421D5B41DCACE63503EE544154EBF83C421D5B41DCACE63503EE5441408055AFA51E5B41B5F8671EB3EC5441408055AFA51E5B41B5F8671EB3EC544154EBF83C421D5B41
177	Organization 177	Address 177	0103000020110F00000100000005000000936D8C841C545541D57D1C5ED3765A4129CF96E790555541D57D1C5ED3765A4129CF96E790555541CB45BCAB1E785A41936D8C841C545541CB45BCAB1E785A41936D8C841C545541D57D1C5ED3765A41
178	Organization 178	Address 178	0103000020110F000001000000050000006DBA9B43DC9E5541A1C6942E86525A41BD2E5815D59F5541A1C6942E86525A41BD2E5815D59F554133D72094C3535A416DBA9B43DC9E554133D72094C3535A416DBA9B43DC9E5541A1C6942E86525A41
179	Organization 179	Address 179	0103000020110F00000100000005000000262C4C64FA8055418D230DFCE2D65B412329ABAC9E8155418D230DFCE2D65B412329ABAC9E8155415E1200E428D85B41262C4C64FA8055415E1200E428D85B41262C4C64FA8055418D230DFCE2D65B41
180	Organization 180	Address 180	0103000020110F00000100000005000000B904939448685541AA971BE5773B5A4100E2E054F7685541AA971BE5773B5A4100E2E054F7685541D506E918893C5A41B904939448685541D506E918893C5A41B904939448685541AA971BE5773B5A41
181	Organization 181	Address 181	0103000020110F00000100000005000000C8EAF59D81E25441FEABC0D902905B41CD4D6FF497E35441FEABC0D902905B41CD4D6FF497E3544137679144DE905B41C8EAF59D81E2544137679144DE905B41C8EAF59D81E25441FEABC0D902905B41
182	Organization 182	Address 182	0103000020110F000001000000050000001FD8BC220C235641B09C112A8FCA5941D2C13ED312245641B09C112A8FCA5941D2C13ED3122456415F28FFF4EBCB59411FD8BC220C2356415F28FFF4EBCB59411FD8BC220C235641B09C112A8FCA5941
183	Organization 183	Address 183	0103000020110F000001000000050000009B756F79549F5441594DC39BA75A5A4159E9423EBCA05441594DC39BA75A5A4159E9423EBCA05441498970F2E45B5A419B756F79549F5441498970F2E45B5A419B756F79549F5441594DC39BA75A5A41
184	Organization 184	Address 184	0103000020110F00000100000005000000B81A214C73FA5541FD23C14849825B41771171EC84FB5541FD23C14849825B41771171EC84FB5541F15D62E339835B41B81A214C73FA5541F15D62E339835B41B81A214C73FA5541FD23C14849825B41
185	Organization 185	Address 185	0103000020110F0000010000000500000058FE3589823155418A1D1B79700B5A413CF21FE20C3255418A1D1B79700B5A413CF21FE20C325541E4591819670C5A4158FE358982315541E4591819670C5A4158FE3589823155418A1D1B79700B5A41
186	Organization 186	Address 186	0103000020110F00000100000005000000CCDAD4C551C6544178400D47EBAB5A41EEB7E8D046C7544178400D47EBAB5A41EEB7E8D046C754412D3C1CF048AD5A41CCDAD4C551C654412D3C1CF048AD5A41CCDAD4C551C6544178400D47EBAB5A41
187	Organization 187	Address 187	0103000020110F00000100000005000000FC1CE93D234155412CADC59705B25A418BF2560D444255412CADC59705B25A418BF2560D444255415AC2C351B3B25A41FC1CE93D234155415AC2C351B3B25A41FC1CE93D234155412CADC59705B25A41
188	Organization 188	Address 188	0103000020110F00000100000005000000C4AB6376E9D3554127B9D3D531A35A416430743A27D5554127B9D3D531A35A416430743A27D555418D061FE625A45A41C4AB6376E9D355418D061FE625A45A41C4AB6376E9D3554127B9D3D531A35A41
189	Organization 189	Address 189	0103000020110F000001000000050000005FA5AD24E7FB5441E5BFCAF50FC15A417BEFAC3723FD5441E5BFCAF50FC15A417BEFAC3723FD5441989909A319C25A415FA5AD24E7FB5441989909A319C25A415FA5AD24E7FB5441E5BFCAF50FC15A41
190	Organization 190	Address 190	0103000020110F000001000000050000005D5567491FC554418261A1369AAF5A4162C2C19923C654418261A1369AAF5A4162C2C19923C65441FF3E9B6D6AB05A415D5567491FC55441FF3E9B6D6AB05A415D5567491FC554418261A1369AAF5A41
191	Organization 191	Address 191	0103000020110F00000100000005000000182B93C2EE51554132BF2F9E04715A41D7AA28BCC452554132BF2F9E04715A41D7AA28BCC45255414241F7DBFD715A41182B93C2EE5155414241F7DBFD715A41182B93C2EE51554132BF2F9E04715A41
192	Organization 192	Address 192	0103000020110F0000010000000500000043EA96F0A6A65441669FFF3648545B4168F35688F5A75441669FFF3648545B4168F35688F5A75441175F854155555B4143EA96F0A6A65441175F854155555B4143EA96F0A6A65441669FFF3648545B41
193	Organization 193	Address 193	0103000020110F00000100000005000000F22F83C335355641DF8BD7BBB6745A4142D7873B47365641DF8BD7BBB6745A4142D7873B4736564107E3B4AED7755A41F22F83C33535564107E3B4AED7755A41F22F83C335355641DF8BD7BBB6745A41
194	Organization 194	Address 194	0103000020110F000001000000050000002C83649514B754410E46751FEE2A5B413DA9DFA612B854410E46751FEE2A5B413DA9DFA612B85441DC90E648ED2B5B412C83649514B75441DC90E648ED2B5B412C83649514B754410E46751FEE2A5B41
195	Organization 195	Address 195	0103000020110F00000100000005000000E3039097E40F56410894F5AA26D35B410AC8B3B9071156410894F5AA26D35B410AC8B3B907115641AD95812067D45B41E3039097E40F5641AD95812067D45B41E3039097E40F56410894F5AA26D35B41
196	Organization 196	Address 196	0103000020110F000001000000050000006A0F4FEC042A554124404807C06A5A417B192648BB2A554124404807C06A5A417B192648BB2A55412B484992626B5A416A0F4FEC042A55412B484992626B5A416A0F4FEC042A554124404807C06A5A41
197	Organization 197	Address 197	0103000020110F00000100000005000000731C0B25C48754416E797F8B46265A418B16AB78DA8854416E797F8B46265A418B16AB78DA88544156C8D82B83275A41731C0B25C487544156C8D82B83275A41731C0B25C48754416E797F8B46265A41
198	Organization 198	Address 198	0103000020110F000001000000050000004664E43592D655416A3BA7AAC1985B416AF13AAE74D755416A3BA7AAC1985B416AF13AAE74D75541B43D9561ED995B414664E43592D65541B43D9561ED995B414664E43592D655416A3BA7AAC1985B41
199	Organization 199	Address 199	0103000020110F0000010000000500000004BEBA8A17A35541D75A598304E559415BBCAAC3C6A35541D75A598304E559415BBCAAC3C6A35541518E697C05E6594104BEBA8A17A35541518E697C05E6594104BEBA8A17A35541D75A598304E55941
200	Organization 200	Address 200	0103000020110F00000100000005000000118D280379A5544152DDCF2930AC5B41FD09FDD913A6544152DDCF2930AC5B41FD09FDD913A654411A0311E945AD5B41118D280379A554411A0311E945AD5B41118D280379A5544152DDCF2930AC5B41
201	Organization 201	Address 201	0103000020110F0000010000000500000022BF11635BE85541E9EBA8EAA4E75A41ED904700BFE95541E9EBA8EAA4E75A41ED904700BFE95541BB5DB900F8E85A4122BF11635BE85541BB5DB900F8E85A4122BF11635BE85541E9EBA8EAA4E75A41
202	Organization 202	Address 202	0103000020110F0000010000000500000002ED036144D154412892B769ABC55B417EBF5EEB93D254412892B769ABC55B417EBF5EEB93D25441C10980AAC7C65B4102ED036144D15441C10980AAC7C65B4102ED036144D154412892B769ABC55B41
203	Organization 203	Address 203	0103000020110F00000100000005000000C6F2198348DE55418B1BC6E32C095A411DB23D464FDF55418B1BC6E32C095A411DB23D464FDF5541100B4C6C080A5A41C6F2198348DE5541100B4C6C080A5A41C6F2198348DE55418B1BC6E32C095A41
204	Organization 204	Address 204	0103000020110F00000100000005000000B91F137F2E1256418550F72467375A41E27478700D1356418550F72467375A41E27478700D135641BC2FB8196F385A41B91F137F2E125641BC2FB8196F385A41B91F137F2E1256418550F72467375A41
205	Organization 205	Address 205	0103000020110F00000100000005000000AF42A53AFA40554132F718D320D65B415F2C4D3EA941554132F718D320D65B415F2C4D3EA941554139DAB71B8ED75B41AF42A53AFA40554139DAB71B8ED75B41AF42A53AFA40554132F718D320D65B41
206	Organization 206	Address 206	0103000020110F0000010000000500000077BF6089D6E7554109E938D2A5275A41C0AD1B59C0E8554109E938D2A5275A41C0AD1B59C0E855413B21A4F7D1285A4177BF6089D6E755413B21A4F7D1285A4177BF6089D6E7554109E938D2A5275A41
207	Organization 207	Address 207	0103000020110F000001000000050000000A3330BD31A954410351F57F36EA59412C74853CF9A954410351F57F36EA59412C74853CF9A95441919B8ED3E2EA59410A3330BD31A95441919B8ED3E2EA59410A3330BD31A954410351F57F36EA5941
208	Organization 208	Address 208	0103000020110F0000010000000500000062566AD4E13B5641A2AC33F8BAC85A411E6C0F492D3D5641A2AC33F8BAC85A411E6C0F492D3D5641D0CE0E0116CA5A4162566AD4E13B5641D0CE0E0116CA5A4162566AD4E13B5641A2AC33F8BAC85A41
209	Organization 209	Address 209	0103000020110F00000100000005000000F9DFE181C94355419E30D3C974875A41C3E757E0204555419E30D3C974875A41C3E757E020455541C72A5A1177885A41F9DFE181C9435541C72A5A1177885A41F9DFE181C94355419E30D3C974875A41
210	Organization 210	Address 210	0103000020110F000001000000050000001D8AC8A6ED0155419C25038E0CEB5A418F6273372E0355419C25038E0CEB5A418F6273372E035541A3CFEA6D65EC5A411D8AC8A6ED015541A3CFEA6D65EC5A411D8AC8A6ED0155419C25038E0CEB5A41
211	Organization 211	Address 211	0103000020110F000001000000050000003D3CC4D13D03554198C453E2C8A75A417FDAB22C8504554198C453E2C8A75A417FDAB22C850455413CD9CD54A6A85A413D3CC4D13D0355413CD9CD54A6A85A413D3CC4D13D03554198C453E2C8A75A41
212	Organization 212	Address 212	0103000020110F00000100000005000000355CECFCE4575541D5A9CC2D36B05A4187BF8FF365585541D5A9CC2D36B05A4187BF8FF365585541242107F009B15A41355CECFCE4575541242107F009B15A41355CECFCE4575541D5A9CC2D36B05A41
213	Organization 213	Address 213	0103000020110F0000010000000500000023C50A952F90554128AA7AB555FE5A41001A8BCCAD90554128AA7AB555FE5A41001A8BCCAD9055418771262D9CFF5A4123C50A952F9055418771262D9CFF5A4123C50A952F90554128AA7AB555FE5A41
214	Organization 214	Address 214	0103000020110F000001000000050000000E8C8592FD9F5541E9AE5F9E9E945A414EAF5B84D0A05541E9AE5F9E9E945A414EAF5B84D0A055418BE74FE95C955A410E8C8592FD9F55418BE74FE95C955A410E8C8592FD9F5541E9AE5F9E9E945A41
215	Organization 215	Address 215	0103000020110F00000100000005000000D4D311A78EB85541D791B09B29D75A41ABAD1104E1B95541D791B09B29D75A41ABAD1104E1B955414E1C250991D85A41D4D311A78EB855414E1C250991D85A41D4D311A78EB85541D791B09B29D75A41
216	Organization 216	Address 216	0103000020110F00000100000005000000638A6C8D3BA35541FF5B301502945A41783F61E3ECA35541FF5B301502945A41783F61E3ECA3554170711171B7945A41638A6C8D3BA3554170711171B7945A41638A6C8D3BA35541FF5B301502945A41
217	Organization 217	Address 217	0103000020110F00000100000005000000C45A96686CB9554191D0E3F0F5955A419CDDC7FBA4BA554191D0E3F0F5955A419CDDC7FBA4BA55415E9311F78D965A41C45A96686CB955415E9311F78D965A41C45A96686CB9554191D0E3F0F5955A41
218	Organization 218	Address 218	0103000020110F0000010000000500000089A3447149485641A4EF3D8B1A9B5A41CCF9B43165495641A4EF3D8B1A9B5A41CCF9B43165495641B840C35C499C5A4189A3447149485641B840C35C499C5A4189A3447149485641A4EF3D8B1A9B5A41
219	Organization 219	Address 219	0103000020110F00000100000005000000CD57D642509F55413BED0B4035D85B41A11DBFA5ABA055413BED0B4035D85B41A11DBFA5ABA055411921816064D95B41CD57D642509F55411921816064D95B41CD57D642509F55413BED0B4035D85B41
220	Organization 220	Address 220	0103000020110F00000100000005000000198A4919B6E15441ACA4E8D463905B416227B43787E25441ACA4E8D463905B416227B43787E25441D82B38C1FE905B41198A4919B6E15441D82B38C1FE905B41198A4919B6E15441ACA4E8D463905B41
221	Organization 221	Address 221	0103000020110F00000100000005000000A7CC3F1DD50F564198311552471E5A41D8590F2AB810564198311552471E5A41D8590F2AB8105641A842A74D661F5A41A7CC3F1DD50F5641A842A74D661F5A41A7CC3F1DD50F564198311552471E5A41
222	Organization 222	Address 222	0103000020110F00000100000005000000FAE5A17BA5FD54411B0BB7AD75D45B41223CA7E6F0FE54411B0BB7AD75D45B41223CA7E6F0FE5441D5C2AF3F38D55B41FAE5A17BA5FD5441D5C2AF3F38D55B41FAE5A17BA5FD54411B0BB7AD75D45B41
223	Organization 223	Address 223	0103000020110F00000100000005000000BB56C056DE7D54418B67AFB44ACA5B41F6D30D79097F54418B67AFB44ACA5B41F6D30D79097F5441443B5A3CE6CA5B41BB56C056DE7D5441443B5A3CE6CA5B41BB56C056DE7D54418B67AFB44ACA5B41
224	Organization 224	Address 224	0103000020110F00000100000005000000B1960E6BDCD055414E80E8B058135A41C857497A5BD155414E80E8B058135A41C857497A5BD15541D1D6D81484145A41B1960E6BDCD05541D1D6D81484145A41B1960E6BDCD055414E80E8B058135A41
225	Organization 225	Address 225	0103000020110F000001000000050000009174D74D124E5541A5F219CB9FED5941393356A86E4F5541A5F219CB9FED5941393356A86E4F5541DC57312139EE59419174D74D124E5541DC57312139EE59419174D74D124E5541A5F219CB9FED5941
226	Organization 226	Address 226	0103000020110F0000010000000500000054BF394E56F05541980958A5D59B5B41D171CD6B5EF15541980958A5D59B5B41D171CD6B5EF15541FAA0B1A71A9D5B4154BF394E56F05541FAA0B1A71A9D5B4154BF394E56F05541980958A5D59B5B41
227	Organization 227	Address 227	0103000020110F00000100000005000000C5D348666B7754416DD1528256A05B41DC7C3335247854416DD1528256A05B41DC7C333524785441815D45C6A0A15B41C5D348666B775441815D45C6A0A15B41C5D348666B7754416DD1528256A05B41
228	Organization 228	Address 228	0103000020110F0000010000000500000013C8BE2D06B25441BB5B650A4CCB59410FC5DC927AB35441BB5B650A4CCB59410FC5DC927AB35441AEFE0135F5CB594113C8BE2D06B25441AEFE0135F5CB594113C8BE2D06B25441BB5B650A4CCB5941
229	Organization 229	Address 229	0103000020110F00000100000005000000A5D03AEF281A5641BE30E4A793F55A416DD942E5151B5641BE30E4A793F55A416DD942E5151B56419DAD9FA7EBF65A41A5D03AEF281A56419DAD9FA7EBF65A41A5D03AEF281A5641BE30E4A793F55A41
230	Organization 230	Address 230	0103000020110F00000100000005000000BE97D816151256416C073B329F915A41791C7BF0B11256416C073B329F915A41791C7BF0B1125641E32B27E5AA925A41BE97D81615125641E32B27E5AA925A41BE97D816151256416C073B329F915A41
231	Organization 231	Address 231	0103000020110F00000100000005000000EAAFE51CACC65441E0FECDB301135B418E72C8C62CC75441E0FECDB301135B418E72C8C62CC75441A87B8255A3135B41EAAFE51CACC65441A87B8255A3135B41EAAFE51CACC65441E0FECDB301135B41
232	Organization 232	Address 232	0103000020110F00000100000005000000A4AE648285AB5541AA273464E9075A41B8C4BBCAC2AC5541AA273464E9075A41B8C4BBCAC2AC55415FB45CBCA3085A41A4AE648285AB55415FB45CBCA3085A41A4AE648285AB5541AA273464E9075A41
233	Organization 233	Address 233	0103000020110F00000100000005000000E7CAE28EE7AB54418273A755F9985B41B7E1C0C116AD54418273A755F9985B41B7E1C0C116AD5441638DAFC2AB995B41E7CAE28EE7AB5441638DAFC2AB995B41E7CAE28EE7AB54418273A755F9985B41
234	Organization 234	Address 234	0103000020110F00000100000005000000DE644DD002B554411A4DB6EE28BB5A41BB89EB2C48B654411A4DB6EE28BB5A41BB89EB2C48B65441AD57E7BF84BC5A41DE644DD002B55441AD57E7BF84BC5A41DE644DD002B554411A4DB6EE28BB5A41
235	Organization 235	Address 235	0103000020110F0000010000000500000066494B5F00AC554163922DABABA55B412278F49B37AD554163922DABABA55B412278F49B37AD5541DB05D81F66A65B4166494B5F00AC5541DB05D81F66A65B4166494B5F00AC554163922DABABA55B41
236	Organization 236	Address 236	0103000020110F000001000000050000005359936A43D254416643E9361D1C5B4110D09A53E2D254416643E9361D1C5B4110D09A53E2D25441968028CCF81C5B415359936A43D25441968028CCF81C5B415359936A43D254416643E9361D1C5B41
237	Organization 237	Address 237	0103000020110F0000010000000500000049A1DDEAB9A15541FCA1DABF38B85A4165450E4ACCA25541FCA1DABF38B85A4165450E4ACCA255411E66CC7EDCB85A4149A1DDEAB9A155411E66CC7EDCB85A4149A1DDEAB9A15541FCA1DABF38B85A41
238	Organization 238	Address 238	0103000020110F00000100000005000000D3DF54EA98EC54411FC34FFFAF695A41C900FBF9A7ED54411FC34FFFAF695A41C900FBF9A7ED5441132726FD616A5A41D3DF54EA98EC5441132726FD616A5A41D3DF54EA98EC54411FC34FFFAF695A41
239	Organization 239	Address 239	0103000020110F000001000000050000003296FCB025565541C8B2181E5A5D5A4140C1B2970A575541C8B2181E5A5D5A4140C1B2970A57554197FCBA74FD5D5A413296FCB02556554197FCBA74FD5D5A413296FCB025565541C8B2181E5A5D5A41
240	Organization 240	Address 240	0103000020110F00000100000005000000A69BF161CFCB54410702D4BE24395B41BBB77BDFB8CC54410702D4BE24395B41BBB77BDFB8CC54418986C2C1A5395B41A69BF161CFCB54418986C2C1A5395B41A69BF161CFCB54410702D4BE24395B41
241	Organization 241	Address 241	0103000020110F000001000000050000006CB8899EEEB0544100A0953720C45B41260A0B34A3B1544100A0953720C45B41260A0B34A3B15441FE15F27D47C55B416CB8899EEEB05441FE15F27D47C55B416CB8899EEEB0544100A0953720C45B41
242	Organization 242	Address 242	0103000020110F0000010000000500000036A708E146815541FA38DD8C42F35941F50BB38583825541FA38DD8C42F35941F50BB385838255412BC281A885F4594136A708E1468155412BC281A885F4594136A708E146815541FA38DD8C42F35941
243	Organization 243	Address 243	0103000020110F000001000000050000007323746BB9F55441A68CCE3AE1745A41E765E914B1F65441A68CCE3AE1745A41E765E914B1F654410DAAF47C15765A417323746BB9F554410DAAF47C15765A417323746BB9F55441A68CCE3AE1745A41
244	Organization 244	Address 244	0103000020110F00000100000005000000743476342EB45441E981D03E3B305B41728AC4A24AB55441E981D03E3B305B41728AC4A24AB55441C0B262CB48315B41743476342EB45441C0B262CB48315B41743476342EB45441E981D03E3B305B41
245	Organization 245	Address 245	0103000020110F00000100000005000000B37C888B328F5541375D48681C4C5A41EC0B783B9F905541375D48681C4C5A41EC0B783B9F9055418D3DB817684D5A41B37C888B328F55418D3DB817684D5A41B37C888B328F5541375D48681C4C5A41
246	Organization 246	Address 246	0103000020110F000001000000050000004B958264E54B56417292D7DC48755A416D81CCEEC44C56417292D7DC48755A416D81CCEEC44C5641CD41C94835765A414B958264E54B5641CD41C94835765A414B958264E54B56417292D7DC48755A41
247	Organization 247	Address 247	0103000020110F00000100000005000000A204CB908A335641610354DE030D5A4188CF6EF59D345641610354DE030D5A4188CF6EF59D345641C128DAA33F0E5A41A204CB908A335641C128DAA33F0E5A41A204CB908A335641610354DE030D5A41
248	Organization 248	Address 248	0103000020110F00000100000005000000D3BCCEED77E25541842F602D08BA5B41525B123BF9E25541842F602D08BA5B41525B123BF9E255413183A9B518BB5B41D3BCCEED77E255413183A9B518BB5B41D3BCCEED77E25541842F602D08BA5B41
249	Organization 249	Address 249	0103000020110F00000100000005000000C22CB9EBA48E5441FEFC2388A9DF5941B85F5D47508F5441FEFC2388A9DF5941B85F5D47508F5441BD3C9A0FD7E05941C22CB9EBA48E5441BD3C9A0FD7E05941C22CB9EBA48E5441FEFC2388A9DF5941
250	Organization 250	Address 250	0103000020110F00000100000005000000828550441A5A55419E5D7005D5C75A410DC5F552825B55419E5D7005D5C75A410DC5F552825B5541DB6A0ED2C2C85A41828550441A5A5541DB6A0ED2C2C85A41828550441A5A55419E5D7005D5C75A41
251	Organization 251	Address 251	0103000020110F00000100000005000000388327DE507A5541DC426E99E0A45B418300A8B0D37A5541DC426E99E0A45B418300A8B0D37A5541B93FC6DE4AA65B41388327DE507A5541B93FC6DE4AA65B41388327DE507A5541DC426E99E0A45B41
252	Organization 252	Address 252	0103000020110F00000100000005000000E584B55A405955413ECDD500393A5B413E0B3BDAB25A55413ECDD500393A5B413E0B3BDAB25A554108AE518A623B5B41E584B55A4059554108AE518A623B5B41E584B55A405955413ECDD500393A5B41
253	Organization 253	Address 253	0103000020110F00000100000005000000270BCAC90E7E5541025DBE55201C5A4152C12C83447F5541025DBE55201C5A4152C12C83447F5541C180542AB61C5A41270BCAC90E7E5541C180542AB61C5A41270BCAC90E7E5541025DBE55201C5A41
254	Organization 254	Address 254	0103000020110F000001000000050000004FC62052356C54415A3626678AAB5A419369615E606D54415A3626678AAB5A419369615E606D5441FF0C991426AC5A414FC62052356C5441FF0C991426AC5A414FC62052356C54415A3626678AAB5A41
255	Organization 255	Address 255	0103000020110F000001000000050000009D1537BE701455415C3D0D8F3CD2594116F281D0F51455415C3D0D8F3CD2594116F281D0F51455415930172908D359419D1537BE701455415930172908D359419D1537BE701455415C3D0D8F3CD25941
256	Organization 256	Address 256	0103000020110F00000100000005000000B2EA8DEEE1DC5441B6259B23C6355B41F21DE34DC8DD5441B6259B23C6355B41F21DE34DC8DD54414DEBF92A63365B41B2EA8DEEE1DC54414DEBF92A63365B41B2EA8DEEE1DC5441B6259B23C6355B41
257	Organization 257	Address 257	0103000020110F0000010000000500000077D69B6739F355415645E0D2AA355B41E770BE6AFCF355415645E0D2AA355B41E770BE6AFCF35541366BEC222E365B4177D69B6739F35541366BEC222E365B4177D69B6739F355415645E0D2AA355B41
258	Organization 258	Address 258	0103000020110F00000100000005000000D47D4244B8305641012B9D5251A95B4127B6E0B7D3315641012B9D5251A95B4127B6E0B7D3315641B9C451F1B5AA5B41D47D4244B8305641B9C451F1B5AA5B41D47D4244B8305641012B9D5251A95B41
259	Organization 259	Address 259	0103000020110F00000100000005000000A44636089EC65441A598EABED3885B419E8D5381DFC75441A598EABED3885B419E8D5381DFC75441FBE1D842BB895B41A44636089EC65441FBE1D842BB895B41A44636089EC65441A598EABED3885B41
260	Organization 260	Address 260	0103000020110F00000100000005000000BC9453E7DE7154416295078C99C45A418764FBAA467354416295078C99C45A418764FBAA467354416E6DB970A4C55A41BC9453E7DE7154416E6DB970A4C55A41BC9453E7DE7154416295078C99C45A41
261	Organization 261	Address 261	0103000020110F00000100000005000000FECFE74A649954417E8DBC89C67B5A41840504D9C49A54417E8DBC89C67B5A41840504D9C49A5441E1C5BCAE197D5A41FECFE74A64995441E1C5BCAE197D5A41FECFE74A649954417E8DBC89C67B5A41
262	Organization 262	Address 262	0103000020110F000001000000050000008EE840050F2B55416BFEB6ABF53A5B413A4ADC8A6F2C55416BFEB6ABF53A5B413A4ADC8A6F2C55417CCB59AB543C5B418EE840050F2B55417CCB59AB543C5B418EE840050F2B55416BFEB6ABF53A5B41
263	Organization 263	Address 263	0103000020110F000001000000050000009C47862464665541AA8374A26CEC5A419E90AADC56675541AA8374A26CEC5A419E90AADC56675541E623C6FA4CED5A419C47862464665541E623C6FA4CED5A419C47862464665541AA8374A26CEC5A41
264	Organization 264	Address 264	0103000020110F0000010000000500000076A3B80FADC05541DC0F0E9FA7D95A41EF58D2C2CDC15541DC0F0E9FA7D95A41EF58D2C2CDC15541C7046343A8DA5A4176A3B80FADC05541C7046343A8DA5A4176A3B80FADC05541DC0F0E9FA7D95A41
265	Organization 265	Address 265	0103000020110F00000100000005000000DD7A240D506C5541B5C2C8E86F6B5A4120CFF12EF76C5541B5C2C8E86F6B5A4120CFF12EF76C5541654D9B20116C5A41DD7A240D506C5541654D9B20116C5A41DD7A240D506C5541B5C2C8E86F6B5A41
266	Organization 266	Address 266	0103000020110F000001000000050000003AC5DA14FCD154419535CB36ECF959414C01A08263D354419535CB36ECF959414C01A08263D35441F58D7AA5C5FA59413AC5DA14FCD15441F58D7AA5C5FA59413AC5DA14FCD154419535CB36ECF95941
267	Organization 267	Address 267	0103000020110F0000010000000500000045F4D266403A5541E0405068E9975B4160C774F9C83A5541E0405068E9975B4160C774F9C83A55413E7CB4754B995B4145F4D266403A55413E7CB4754B995B4145F4D266403A5541E0405068E9975B41
268	Organization 268	Address 268	0103000020110F00000100000005000000BA83716D418C544120E64C8393355A415C6ED12EE08C544120E64C8393355A415C6ED12EE08C544124DA056F78365A41BA83716D418C544124DA056F78365A41BA83716D418C544120E64C8393355A41
269	Organization 269	Address 269	0103000020110F00000100000005000000FD900DB1856455411D5CDAED8B355A41D3F862D93F6555411D5CDAED8B355A41D3F862D93F655541A4339BB853365A41FD900DB185645541A4339BB853365A41FD900DB1856455411D5CDAED8B355A41
270	Organization 270	Address 270	0103000020110F00000100000005000000F157325589CF544107397D25B56A5A4129A7B9AA1CD0544107397D25B56A5A4129A7B9AA1CD0544107705BADFB6B5A41F157325589CF544107705BADFB6B5A41F157325589CF544107397D25B56A5A41
271	Organization 271	Address 271	0103000020110F000001000000050000007830D66EA58054417F60F37696215B41E396B72CEE8154417F60F37696215B41E396B72CEE815441EA75705214225B417830D66EA5805441EA75705214225B417830D66EA58054417F60F37696215B41
272	Organization 272	Address 272	0103000020110F00000100000005000000440B9A8771B355413B6D9DE7DDD55B410B8637338DB455413B6D9DE7DDD55B410B8637338DB4554198E8DB584BD75B41440B9A8771B3554198E8DB584BD75B41440B9A8771B355413B6D9DE7DDD55B41
273	Organization 273	Address 273	0103000020110F000001000000050000000DADE246BACA544172144647E1F45A4197F2A2591CCC544172144647E1F45A4197F2A2591CCC54414CF305651AF65A410DADE246BACA54414CF305651AF65A410DADE246BACA544172144647E1F45A41
274	Organization 274	Address 274	0103000020110F000001000000050000004F9D7496C68454411556679F1BEC5A41F04BA312898554411556679F1BEC5A41F04BA3128985544119C9F425A8EC5A414F9D7496C684544119C9F425A8EC5A414F9D7496C68454411556679F1BEC5A41
275	Organization 275	Address 275	0103000020110F0000010000000500000022CA1DD211255641A1B3880041885A419BD2F8F507265641A1B3880041885A419BD2F8F507265641B52ABDB08A895A4122CA1DD211255641B52ABDB08A895A4122CA1DD211255641A1B3880041885A41
276	Organization 276	Address 276	0103000020110F0000010000000500000055CE682BB77F55411FF09CD149415A41C4B4C5A8B78055411FF09CD149415A41C4B4C5A8B78055415B3A99B787425A4155CE682BB77F55415B3A99B787425A4155CE682BB77F55411FF09CD149415A41
277	Organization 277	Address 277	0103000020110F00000100000005000000E814052B4B315541D9EB723150D35B4169DB11E293325541D9EB723150D35B4169DB11E293325541669878B34AD45B41E814052B4B315541669878B34AD45B41E814052B4B315541D9EB723150D35B41
278	Organization 278	Address 278	0103000020110F00000100000005000000336A1ADA9368554105CC5C3F909F5A4184AE1E973469554105CC5C3F909F5A4184AE1E9734695541820B74A47EA05A41336A1ADA93685541820B74A47EA05A41336A1ADA9368554105CC5C3F909F5A41
279	Organization 279	Address 279	0103000020110F000001000000050000000E6520859EE85541996B1EA88A2F5B41220F61D4E8E95541996B1EA88A2F5B41220F61D4E8E955414B8981E35C305B410E6520859EE855414B8981E35C305B410E6520859EE85541996B1EA88A2F5B41
280	Organization 280	Address 280	0103000020110F0000010000000500000083531A454AA854419DFFA15C56CE5B41F9A9CF2057A954419DFFA15C56CE5B41F9A9CF2057A95441ECFEA431EACE5B4183531A454AA85441ECFEA431EACE5B4183531A454AA854419DFFA15C56CE5B41
281	Organization 281	Address 281	0103000020110F00000100000005000000B68D8AF9A52B55411337F28B89A25B41312F6018BD2C55411337F28B89A25B41312F6018BD2C55416FAFA39067A35B41B68D8AF9A52B55416FAFA39067A35B41B68D8AF9A52B55411337F28B89A25B41
282	Organization 282	Address 282	0103000020110F00000100000005000000A6ED7D6A2C4355413B3D31E5F6C15B4163C20949054455413B3D31E5F6C15B4163C209490544554159701AFE91C25B41A6ED7D6A2C43554159701AFE91C25B41A6ED7D6A2C4355413B3D31E5F6C15B41
283	Organization 283	Address 283	0103000020110F00000100000005000000D738C8B56616564170A5DBF414985A414512E3FAE816564170A5DBF414985A414512E3FAE8165641862C552B88995A41D738C8B566165641862C552B88995A41D738C8B56616564170A5DBF414985A41
284	Organization 284	Address 284	0103000020110F000001000000050000001045FB3FCAF25541C080D3E9DAC45A41EBFCFC1C84F35541C080D3E9DAC45A41EBFCFC1C84F355410F8D4E2B31C65A411045FB3FCAF255410F8D4E2B31C65A411045FB3FCAF25541C080D3E9DAC45A41
285	Organization 285	Address 285	0103000020110F00000100000005000000325150E69CD05541D5F5DEB78A1F5B412ABFC0D751D15541D5F5DEB78A1F5B412ABFC0D751D15541223FCDCBDF205B41325150E69CD05541223FCDCBDF205B41325150E69CD05541D5F5DEB78A1F5B41
286	Organization 286	Address 286	0103000020110F00000100000005000000747D26B0A1DA5441DD13D75805DB5A41DE5CEA6CA1DB5441DD13D75805DB5A41DE5CEA6CA1DB544148DB4D094FDC5A41747D26B0A1DA544148DB4D094FDC5A41747D26B0A1DA5441DD13D75805DB5A41
287	Organization 287	Address 287	0103000020110F00000100000005000000177380757D6E54419B3AFF6B5CEE5941B15A1B8B746F54419B3AFF6B5CEE5941B15A1B8B746F54417558A27703EF5941177380757D6E54417558A27703EF5941177380757D6E54419B3AFF6B5CEE5941
288	Organization 288	Address 288	0103000020110F000001000000050000002924FEA743A75541C0DD0CD59E355B41616B931476A85541C0DD0CD59E355B41616B931476A85541969BF27690365B412924FEA743A75541969BF27690365B412924FEA743A75541C0DD0CD59E355B41
289	Organization 289	Address 289	0103000020110F00000100000005000000F90D93C6F84A5541DC40E07C41855A41C2CA1257064C5541DC40E07C41855A41C2CA1257064C55416D057E47D4855A41F90D93C6F84A55416D057E47D4855A41F90D93C6F84A5541DC40E07C41855A41
290	Organization 290	Address 290	0103000020110F00000100000005000000B946944EDF3C554158247573AB695B41E3D554D7203E554158247573AB695B41E3D554D7203E55414A2B0B2A306A5B41B946944EDF3C55414A2B0B2A306A5B41B946944EDF3C554158247573AB695B41
291	Organization 291	Address 291	0103000020110F000001000000050000009B891F941C6755413BB79B8295675A41BA507C77F46755413BB79B8295675A41BA507C77F4675541782DCCE666685A419B891F941C675541782DCCE666685A419B891F941C6755413BB79B8295675A41
292	Organization 292	Address 292	0103000020110F000001000000050000009014687F2BD75541C0B20A12A3885B41B911CE70E9D75541C0B20A12A3885B41B911CE70E9D755419C3129210C8A5B419014687F2BD755419C3129210C8A5B419014687F2BD75541C0B20A12A3885B41
293	Organization 293	Address 293	0103000020110F00000100000005000000CBAD6F536E4F5641CB70154E02035B4134549AB1CC505641CB70154E02035B4134549AB1CC5056413575CF59B3035B41CBAD6F536E4F56413575CF59B3035B41CBAD6F536E4F5641CB70154E02035B41
294	Organization 294	Address 294	0103000020110F00000100000005000000CE1898F83BF155411898AAC949875B41EB45BAF355F255411898AAC949875B41EB45BAF355F255414518CA8A37885B41CE1898F83BF155414518CA8A37885B41CE1898F83BF155411898AAC949875B41
295	Organization 295	Address 295	0103000020110F00000100000005000000C4D64A76E2E95541E2C2315D09BB5B41DC04CB5952EB5541E2C2315D09BB5B41DC04CB5952EB554168F621057EBC5B41C4D64A76E2E9554168F621057EBC5B41C4D64A76E2E95541E2C2315D09BB5B41
296	Organization 296	Address 296	0103000020110F0000010000000500000009CB842E86A3554139ADDC297D7C5A41C40E1F7568A4554139ADDC297D7C5A41C40E1F7568A45541A0B8813DCD7D5A4109CB842E86A35541A0B8813DCD7D5A4109CB842E86A3554139ADDC297D7C5A41
297	Organization 297	Address 297	0103000020110F000001000000050000008B9174F2FBD9554172F5F5A196C65B41EB8EB96329DB554172F5F5A196C65B41EB8EB96329DB554186025B6E09C85B418B9174F2FBD9554186025B6E09C85B418B9174F2FBD9554172F5F5A196C65B41
298	Organization 298	Address 298	0103000020110F00000100000005000000C5D1CC051207554180554D668F5A5B410E5803E0C907554180554D668F5A5B410E5803E0C9075541088F2B12375B5B41C5D1CC0512075541088F2B12375B5B41C5D1CC051207554180554D668F5A5B41
299	Organization 299	Address 299	0103000020110F000001000000050000004857E45FA2E455413EE1ECB27CA05A41FDCA079EF1E555413EE1ECB27CA05A41FDCA079EF1E55541490214B80CA15A414857E45FA2E45541490214B80CA15A414857E45FA2E455413EE1ECB27CA05A41
300	Organization 300	Address 300	0103000020110F00000100000005000000EA8A4002D93356417FC96F0FA8235B410C7B9E47193556417FC96F0FA8235B410C7B9E4719355641B7588D8746245B41EA8A4002D9335641B7588D8746245B41EA8A4002D93356417FC96F0FA8235B41
301	Organization 301	Address 301	0103000020110F000001000000050000004BE844F02E6155412E575C7120525A413C4ED9B8186255412E575C7120525A413C4ED9B818625541582053E5F5525A414BE844F02E615541582053E5F5525A414BE844F02E6155412E575C7120525A41
302	Organization 302	Address 302	0103000020110F00000100000005000000B18AE2FC9F9F5541B3AB7A75071E5A41C9D9758E0BA15541B3AB7A75071E5A41C9D9758E0BA15541D59D10896D1F5A41B18AE2FC9F9F5541D59D10896D1F5A41B18AE2FC9F9F5541B3AB7A75071E5A41
303	Organization 303	Address 303	0103000020110F000001000000050000001B896D7A6C895441F50C3937E0C35A41F2F73169B08A5441F50C3937E0C35A41F2F73169B08A5441F4FFDE298EC45A411B896D7A6C895441F4FFDE298EC45A411B896D7A6C895441F50C3937E0C35A41
304	Organization 304	Address 304	0103000020110F000001000000050000004DE564940EC354411B21C4ED59DB5A41DC4BFC5A37C454411B21C4ED59DB5A41DC4BFC5A37C4544170F45FCBE6DB5A414DE564940EC3544170F45FCBE6DB5A414DE564940EC354411B21C4ED59DB5A41
305	Organization 305	Address 305	0103000020110F00000100000005000000B4103689EFDF5541AD688A25BF705A417BDBBD4406E15541AD688A25BF705A417BDBBD4406E15541E3C190721D725A41B4103689EFDF5541E3C190721D725A41B4103689EFDF5541AD688A25BF705A41
306	Organization 306	Address 306	0103000020110F000001000000050000005F04413D30C55541EEFDA4DD40185B41D3A6DB1425C65541EEFDA4DD40185B41D3A6DB1425C65541AAC48E1091195B415F04413D30C55541AAC48E1091195B415F04413D30C55541EEFDA4DD40185B41
307	Organization 307	Address 307	0103000020110F00000100000005000000E98AF439D66E5441BC1FD263D63E5B412FBD79BA16705441BC1FD263D63E5B412FBD79BA16705441C47BC1897C3F5B41E98AF439D66E5441C47BC1897C3F5B41E98AF439D66E5441BC1FD263D63E5B41
308	Organization 308	Address 308	0103000020110F000001000000050000000D38B86AA07E5541898BD93C2FD95A41458C63C1357F5541898BD93C2FD95A41458C63C1357F5541A56E1290EDD95A410D38B86AA07E5541A56E1290EDD95A410D38B86AA07E5541898BD93C2FD95A41
309	Organization 309	Address 309	0103000020110F00000100000005000000923536FF1E8E5441F0E39906021F5A41D691FE0A598F5441F0E39906021F5A41D691FE0A598F54412A31367962205A41923536FF1E8E54412A31367962205A41923536FF1E8E5441F0E39906021F5A41
310	Organization 310	Address 310	0103000020110F00000100000005000000A2FA5F4E05BA5441952CB72EB6E05941B15D6A643DBB5441952CB72EB6E05941B15D6A643DBB5441193372127EE15941A2FA5F4E05BA5441193372127EE15941A2FA5F4E05BA5441952CB72EB6E05941
311	Organization 311	Address 311	0103000020110F00000100000005000000683C948DC59655416E912B64375A5B418B0B086FAF9755416E912B64375A5B418B0B086FAF975541F1BED44B065B5B41683C948DC5965541F1BED44B065B5B41683C948DC59655416E912B64375A5B41
312	Organization 312	Address 312	0103000020110F000001000000050000008309CA41D40D5541A66D2F91B2A65A4143411DD0100F5541A66D2F91B2A65A4143411DD0100F5541B1FD2905E7A75A418309CA41D40D5541B1FD2905E7A75A418309CA41D40D5541A66D2F91B2A65A41
313	Organization 313	Address 313	0103000020110F000001000000050000004B7EB5A63879554196C1855D6C455B41BDE50364857A554196C1855D6C455B41BDE50364857A55419057E5D644465B414B7EB5A6387955419057E5D644465B414B7EB5A63879554196C1855D6C455B41
314	Organization 314	Address 314	0103000020110F0000010000000500000049A665522B7F5541F97628DD718F5B41B155761401805541F97628DD718F5B41B155761401805541A9A0DF7ADA905B4149A665522B7F5541A9A0DF7ADA905B4149A665522B7F5541F97628DD718F5B41
315	Organization 315	Address 315	0103000020110F000001000000050000000DAB61E3D34455410352D8F39FA35A4121E550EBDD4555410352D8F39FA35A4121E550EBDD455541A82CA616CBA45A410DAB61E3D3445541A82CA616CBA45A410DAB61E3D34455410352D8F39FA35A41
316	Organization 316	Address 316	0103000020110F000001000000050000003FC9E795ED8E544156FD0946F7C65B419A07CDAFF38F544156FD0946F7C65B419A07CDAFF38F54410AD751FAA6C75B413FC9E795ED8E54410AD751FAA6C75B413FC9E795ED8E544156FD0946F7C65B41
317	Organization 317	Address 317	0103000020110F00000100000005000000DFD16AD2310D564148603B45E2F8594167835D73400E564148603B45E2F8594167835D73400E564188E6488EE3F95941DFD16AD2310D564188E6488EE3F95941DFD16AD2310D564148603B45E2F85941
318	Organization 318	Address 318	0103000020110F00000100000005000000BFDE542D11345541591404D3E1835B414BFFFB2709355541591404D3E1835B414BFFFB2709355541F7010F3DE2845B41BFDE542D11345541F7010F3DE2845B41BFDE542D11345541591404D3E1835B41
319	Organization 319	Address 319	0103000020110F000001000000050000009F535DE6FBC6544111B09520BB4A5A413C75881CEDC7544111B09520BB4A5A413C75881CEDC754411C24885B0F4C5A419F535DE6FBC654411C24885B0F4C5A419F535DE6FBC6544111B09520BB4A5A41
320	Organization 320	Address 320	0103000020110F000001000000050000000294D198EB2656415113A2EC4BD25941E55CAE8CAB2756415113A2EC4BD25941E55CAE8CAB275641685FFAD790D359410294D198EB265641685FFAD790D359410294D198EB2656415113A2EC4BD25941
321	Organization 321	Address 321	0103000020110F00000100000005000000403821441EE755418635D7A31CC15A4100F0E96280E855418635D7A31CC15A4100F0E96280E855412ED3781C3FC25A41403821441EE755412ED3781C3FC25A41403821441EE755418635D7A31CC15A41
322	Organization 322	Address 322	0103000020110F00000100000005000000891C001885C95441B5DBCA0307375B41634F9FE844CA5441B5DBCA0307375B41634F9FE844CA54411073E88478385B41891C001885C954411073E88478385B41891C001885C95441B5DBCA0307375B41
323	Organization 323	Address 323	0103000020110F00000100000005000000C7B1C77EB21A56417EDD78F9F4EE5A41DA5EF140211C56417EDD78F9F4EE5A41DA5EF140211C5641570556B59FEF5A41C7B1C77EB21A5641570556B59FEF5A41C7B1C77EB21A56417EDD78F9F4EE5A41
324	Organization 324	Address 324	0103000020110F00000100000005000000DF6134352F105541D22994F634685A41737299E99A115541D22994F634685A41737299E99A1155416CD4EB1059695A41DF6134352F1055416CD4EB1059695A41DF6134352F105541D22994F634685A41
325	Organization 325	Address 325	0103000020110F000001000000050000007706BDBFCEF75441B169436FBAB15A417FDA2AF1C9F85441B169436FBAB15A417FDA2AF1C9F8544166F7FB51C3B25A417706BDBFCEF7544166F7FB51C3B25A417706BDBFCEF75441B169436FBAB15A41
326	Organization 326	Address 326	0103000020110F0000010000000500000039C50029C1AE55419D239E3EC7365A4101F8DC6936B055419D239E3EC7365A4101F8DC6936B05541D2928F6EC0375A4139C50029C1AE5541D2928F6EC0375A4139C50029C1AE55419D239E3EC7365A41
327	Organization 327	Address 327	0103000020110F00000100000005000000FCED7257CBBA5441B7B6A06AF41F5B41139EDAA07DBB5441B7B6A06AF41F5B41139EDAA07DBB54413166692E5D215B41FCED7257CBBA54413166692E5D215B41FCED7257CBBA5441B7B6A06AF41F5B41
328	Organization 328	Address 328	0103000020110F0000010000000500000096B7B85834D355412021506771165A416B306B4C73D455412021506771165A416B306B4C73D455413B5C611B22175A4196B7B85834D355413B5C611B22175A4196B7B85834D355412021506771165A41
329	Organization 329	Address 329	0103000020110F00000100000005000000FAAFB9F632E554412B2A4CD560BC5B41D49B6057BAE554412B2A4CD560BC5B41D49B6057BAE55441C58F14A544BD5B41FAAFB9F632E55441C58F14A544BD5B41FAAFB9F632E554412B2A4CD560BC5B41
330	Organization 330	Address 330	0103000020110F00000100000005000000D1563914F0BE5441B2636DDD836D5B4106BF8FD941C05441B2636DDD836D5B4106BF8FD941C054413B8693C1546E5B41D1563914F0BE54413B8693C1546E5B41D1563914F0BE5441B2636DDD836D5B41
331	Organization 331	Address 331	0103000020110F0000010000000500000017FC2F4832AE5441DB77DB8749B55B41E550BE6C9EAF5441DB77DB8749B55B41E550BE6C9EAF544100DE97773FB65B4117FC2F4832AE544100DE97773FB65B4117FC2F4832AE5441DB77DB8749B55B41
332	Organization 332	Address 332	0103000020110F00000100000005000000A84E195F3E4A5541BE260952338E5A417DB70D0C444B5541BE260952338E5A417DB70D0C444B55412DBEAE22688F5A41A84E195F3E4A55412DBEAE22688F5A41A84E195F3E4A5541BE260952338E5A41
333	Organization 333	Address 333	0103000020110F000001000000050000003879B80802B8554150248E8B4FF459410B736AF54AB9554150248E8B4FF459410B736AF54AB955413E99843A1EF559413879B80802B855413E99843A1EF559413879B80802B8554150248E8B4FF45941
334	Organization 334	Address 334	0103000020110F00000100000005000000C09B6C3692405641073C6C7F23C55A41C3B06B57EE415641073C6C7F23C55A41C3B06B57EE41564145DEC8F65FC65A41C09B6C369240564145DEC8F65FC65A41C09B6C3692405641073C6C7F23C55A41
335	Organization 335	Address 335	0103000020110F00000100000005000000E78BBECF7FCE544105EE15236E9A5A41463FCCC7BCCF544105EE15236E9A5A41463FCCC7BCCF5441CC5542ECA69B5A41E78BBECF7FCE5441CC5542ECA69B5A41E78BBECF7FCE544105EE15236E9A5A41
336	Organization 336	Address 336	0103000020110F00000100000005000000EA8371C9CF065641A5F71B0932EC5A41C702A9A21B085641A5F71B0932EC5A41C702A9A21B085641F632CF0862ED5A41EA8371C9CF065641F632CF0862ED5A41EA8371C9CF065641A5F71B0932EC5A41
337	Organization 337	Address 337	0103000020110F00000100000005000000C9BD3F1E800255410E1E89E373B15A4178331F00DF0355410E1E89E373B15A4178331F00DF035541DAA429B970B25A41C9BD3F1E80025541DAA429B970B25A41C9BD3F1E800255410E1E89E373B15A41
338	Organization 338	Address 338	0103000020110F000001000000050000008084868FD1CB54410E49D29065895B41D1A2DBFF50CC54410E49D29065895B41D1A2DBFF50CC5441327F64313F8A5B418084868FD1CB5441327F64313F8A5B418084868FD1CB54410E49D29065895B41
339	Organization 339	Address 339	0103000020110F00000100000005000000ADCE7A95FE6D5441FA8E555DBD6A5B41175D69EA366F5441FA8E555DBD6A5B41175D69EA366F5441059D65C44C6B5B41ADCE7A95FE6D5441059D65C44C6B5B41ADCE7A95FE6D5441FA8E555DBD6A5B41
340	Organization 340	Address 340	0103000020110F00000100000005000000DED494231B395641482B1FEC9CDF5A416EAB8459413A5641482B1FEC9CDF5A416EAB8459413A564100AA5D1A48E05A41DED494231B39564100AA5D1A48E05A41DED494231B395641482B1FEC9CDF5A41
341	Organization 341	Address 341	0103000020110F00000100000005000000869BAE689C1356411FE4EC7EB78C5B414471874B7B1456411FE4EC7EB78C5B414471874B7B145641CAD4F15F3E8D5B41869BAE689C135641CAD4F15F3E8D5B41869BAE689C1356411FE4EC7EB78C5B41
342	Organization 342	Address 342	0103000020110F00000100000005000000768C66C0B93E5641EFEF337318665A41D86E80BFD03F5641EFEF337318665A41D86E80BFD03F564107C8B44DB0665A41768C66C0B93E564107C8B44DB0665A41768C66C0B93E5641EFEF337318665A41
343	Organization 343	Address 343	0103000020110F00000100000005000000539AAA410F985441B4D54833A72C5B4190E4007FD7985441B4D54833A72C5B4190E4007FD7985441473ACE0A112E5B41539AAA410F985441473ACE0A112E5B41539AAA410F985441B4D54833A72C5B41
344	Organization 344	Address 344	0103000020110F0000010000000500000043A046363C0C55411B13F94752CF5941F66BB408640D55411B13F94752CF5941F66BB408640D5541B1406A8990D0594143A046363C0C5541B1406A8990D0594143A046363C0C55411B13F94752CF5941
345	Organization 345	Address 345	0103000020110F000001000000050000009726E8D84EAF5441B10C5DB7D1D95A41AADE92F5ACB05441B10C5DB7D1D95A41AADE92F5ACB05441F3656CBEB6DA5A419726E8D84EAF5441F3656CBEB6DA5A419726E8D84EAF5441B10C5DB7D1D95A41
346	Organization 346	Address 346	0103000020110F000001000000050000007FBDAECDC4F0554119BE049710CD5A410C39FE7861F1554119BE049710CD5A410C39FE7861F155416307A1B329CE5A417FBDAECDC4F055416307A1B329CE5A417FBDAECDC4F0554119BE049710CD5A41
347	Organization 347	Address 347	0103000020110F000001000000050000004FF1F9C52BC6554142065AC5CFD55A41508D392BCCC6554142065AC5CFD55A41508D392BCCC655411383DA92D4D65A414FF1F9C52BC655411383DA92D4D65A414FF1F9C52BC6554142065AC5CFD55A41
348	Organization 348	Address 348	0103000020110F00000100000005000000C63EB33D255D5441965B89805E8D5A41D17622E9C55D5441965B89805E8D5A41D17622E9C55D544191F2FF02628E5A41C63EB33D255D544191F2FF02628E5A41C63EB33D255D5441965B89805E8D5A41
349	Organization 349	Address 349	0103000020110F00000100000005000000B05D6F7850955441EDE0E596DC0F5B41919AFADD81965441EDE0E596DC0F5B41919AFADD819654418CAC9CDA07115B41B05D6F78509554418CAC9CDA07115B41B05D6F7850955441EDE0E596DC0F5B41
350	Organization 350	Address 350	0103000020110F0000010000000500000066EF84D1220A5641E760EB00DCC45B41C4A271ACE00A5641E760EB00DCC45B41C4A271ACE00A5641EC18853B33C65B4166EF84D1220A5641EC18853B33C65B4166EF84D1220A5641E760EB00DCC45B41
351	Organization 351	Address 351	0103000020110F000001000000050000007A7C4C1752C75441598905E89DE55A413AAC6FAB8BC85441598905E89DE55A413AAC6FAB8BC85441EED2834072E65A417A7C4C1752C75441EED2834072E65A417A7C4C1752C75441598905E89DE55A41
352	Organization 352	Address 352	0103000020110F00000100000005000000CC5712BA54365541F5E11650A2A35B4104F642084D375541F5E11650A2A35B4104F642084D375541CF3468CA66A45B41CC5712BA54365541CF3468CA66A45B41CC5712BA54365541F5E11650A2A35B41
353	Organization 353	Address 353	0103000020110F00000100000005000000742BF6816E895541A8093BFA91085B419291EB73C98A5541A8093BFA91085B419291EB73C98A5541A4EB62D384095B41742BF6816E895541A4EB62D384095B41742BF6816E895541A8093BFA91085B41
354	Organization 354	Address 354	0103000020110F00000100000005000000F3EC952EEE2F5641A5434E9E78CF5B419682562A72305641A5434E9E78CF5B419682562A72305641BCD1C9B351D05B41F3EC952EEE2F5641BCD1C9B351D05B41F3EC952EEE2F5641A5434E9E78CF5B41
355	Organization 355	Address 355	0103000020110F000001000000050000007F86D03C93D254417B84B367828F5A4152E01C0D60D354417B84B367828F5A4152E01C0D60D35441E2E0EA3506905A417F86D03C93D25441E2E0EA3506905A417F86D03C93D254417B84B367828F5A41
356	Organization 356	Address 356	0103000020110F000001000000050000006BD41A391B1A55416D882FFEA7055A411A00602E5C1B55416D882FFEA7055A411A00602E5C1B5541FC3FBC2C09075A416BD41A391B1A5541FC3FBC2C09075A416BD41A391B1A55416D882FFEA7055A41
357	Organization 357	Address 357	0103000020110F000001000000050000004EE93173600055418B81639D933A5B41C7830BFEAB0155418B81639D933A5B41C7830BFEAB0155412DB49FFB773B5B414EE93173600055412DB49FFB773B5B414EE93173600055418B81639D933A5B41
358	Organization 358	Address 358	0103000020110F000001000000050000002EC7284DACE5554123CD8C5650E95A413BBDA2793FE6554123CD8C5650E95A413BBDA2793FE6554185757D37F7E95A412EC7284DACE5554185757D37F7E95A412EC7284DACE5554123CD8C5650E95A41
359	Organization 359	Address 359	0103000020110F00000100000005000000AF5A6EE98B90554123C11C898AE0594107128CB6F591554123C11C898AE0594107128CB6F5915541E7CC0795EAE15941AF5A6EE98B905541E7CC0795EAE15941AF5A6EE98B90554123C11C898AE05941
360	Organization 360	Address 360	0103000020110F0000010000000500000031D8083D75F354412F96BA216F7E5B4162D7BEB602F454412F96BA216F7E5B4162D7BEB602F45441A259C1680C7F5B4131D8083D75F35441A259C1680C7F5B4131D8083D75F354412F96BA216F7E5B41
361	Organization 361	Address 361	0103000020110F000001000000050000000B157ABAA7515541B33F2C5491B55B41AA647CABE8525541B33F2C5491B55B41AA647CABE8525541DC64C6D6AAB65B410B157ABAA7515541DC64C6D6AAB65B410B157ABAA7515541B33F2C5491B55B41
362	Organization 362	Address 362	0103000020110F0000010000000500000028A8E9A961435641D9AB1CAE30D8594158F67736BD445641D9AB1CAE30D8594158F67736BD445641D34A5CBA6FD9594128A8E9A961435641D34A5CBA6FD9594128A8E9A961435641D9AB1CAE30D85941
363	Organization 363	Address 363	0103000020110F0000010000000500000078C40AC7F8395641CF304FB296DE5941F413F90E203B5641CF304FB296DE5941F413F90E203B56418141CE80E8DF594178C40AC7F83956418141CE80E8DF594178C40AC7F8395641CF304FB296DE5941
364	Organization 364	Address 364	0103000020110F00000100000005000000A566BD4C284955415D2067CA25145B41E4B31A838A4A55415D2067CA25145B41E4B31A838A4A5541C6D83A3170155B41A566BD4C28495541C6D83A3170155B41A566BD4C284955415D2067CA25145B41
365	Organization 365	Address 365	0103000020110F0000010000000500000046FFD057014F56413792386781045B41E23A3850C74F56413792386781045B41E23A3850C74F5641A68984051B055B4146FFD057014F5641A68984051B055B4146FFD057014F56413792386781045B41
366	Organization 366	Address 366	0103000020110F00000100000005000000AE9F35B211685441AE2E6F4982025A4199E73C8394685441AE2E6F4982025A4199E73C83946854412A5D267ABC035A41AE9F35B2116854412A5D267ABC035A41AE9F35B211685441AE2E6F4982025A41
367	Organization 367	Address 367	0103000020110F00000100000005000000006A865775F8544174F373D9CD445A4116AF98FAAEF9544174F373D9CD445A4116AF98FAAEF954414DAF619DE3455A41006A865775F854414DAF619DE3455A41006A865775F8544174F373D9CD445A41
368	Organization 368	Address 368	0103000020110F000001000000050000006657270B47F8544125D1CD374E045A41EF809349E5F8544125D1CD374E045A41EF809349E5F8544103E46E87E2045A416657270B47F8544103E46E87E2045A416657270B47F8544125D1CD374E045A41
369	Organization 369	Address 369	0103000020110F00000100000005000000980E38E2DD1655413CD7B2CF92B25B41CFE8396AED1755413CD7B2CF92B25B41CFE8396AED175541B0DD803E11B35B41980E38E2DD165541B0DD803E11B35B41980E38E2DD1655413CD7B2CF92B25B41
370	Organization 370	Address 370	0103000020110F00000100000005000000E7474E59F260544147BD40B5D4A95A41CC4DD57BB361544147BD40B5D4A95A41CC4DD57BB3615441A9813F5AFEAA5A41E7474E59F2605441A9813F5AFEAA5A41E7474E59F260544147BD40B5D4A95A41
371	Organization 371	Address 371	0103000020110F000001000000050000002E69D9EA7C0D5641A89943FA3F455A4106DCEA80520E5641A89943FA3F455A4106DCEA80520E56412847B0AC38465A412E69D9EA7C0D56412847B0AC38465A412E69D9EA7C0D5641A89943FA3F455A41
372	Organization 372	Address 372	0103000020110F00000100000005000000043584838A5C5441ADA95E1A49435B417F697B686D5D5441ADA95E1A49435B417F697B686D5D54414E2EB0E8AE445B41043584838A5C54414E2EB0E8AE445B41043584838A5C5441ADA95E1A49435B41
373	Organization 373	Address 373	0103000020110F00000100000005000000F595C5703A115641C624C75464FF5A41B207F7763C125641C624C75464FF5A41B207F7763C125641B92FFA2934005B41F595C5703A115641B92FFA2934005B41F595C5703A115641C624C75464FF5A41
374	Organization 374	Address 374	0103000020110F00000100000005000000EE5206B9583C55415D825AFABB9F5B41B8732BC1223D55415D825AFABB9F5B41B8732BC1223D5541A3BF696645A05B41EE5206B9583C5541A3BF696645A05B41EE5206B9583C55415D825AFABB9F5B41
375	Organization 375	Address 375	0103000020110F00000100000005000000A3F90127D4FC55416F7CEAF612395A41135177172BFE55416F7CEAF612395A41135177172BFE5541CCB852523C3A5A41A3F90127D4FC5541CCB852523C3A5A41A3F90127D4FC55416F7CEAF612395A41
376	Organization 376	Address 376	0103000020110F0000010000000500000082121721890456414E7DF891812F5A4117297D1E6F0556414E7DF891812F5A4117297D1E6F055641B7C570F1A4305A418212172189045641B7C570F1A4305A4182121721890456414E7DF891812F5A41
377	Organization 377	Address 377	0103000020110F00000100000005000000F96853A92EC25541046FA9206F125B415B83E60A57C35541046FA9206F125B415B83E60A57C35541C40DCA8101135B41F96853A92EC25541C40DCA8101135B41F96853A92EC25541046FA9206F125B41
378	Organization 378	Address 378	0103000020110F00000100000005000000B72E7F80C0985541FD0539E0DB935B411D24E46EE7995541FD0539E0DB935B411D24E46EE799554151ED5A6C6B945B41B72E7F80C098554151ED5A6C6B945B41B72E7F80C0985541FD0539E0DB935B41
379	Organization 379	Address 379	0103000020110F00000100000005000000500414A64563554124F677AF5DF459419D3A7B5ADD63554124F677AF5DF459419D3A7B5ADD635541600B6D526AF55941500414A645635541600B6D526AF55941500414A64563554124F677AF5DF45941
380	Organization 380	Address 380	0103000020110F000001000000050000001BEB3EAC2020554140CDADB685C75A41B2FD2A930321554140CDADB685C75A41B2FD2A9303215541B57526E133C85A411BEB3EAC20205541B57526E133C85A411BEB3EAC2020554140CDADB685C75A41
381	Organization 381	Address 381	0103000020110F000001000000050000005A787F2CA8C15541E97058F6E7845A41AB361F86F9C25541E97058F6E7845A41AB361F86F9C255410E31C93618865A415A787F2CA8C155410E31C93618865A415A787F2CA8C15541E97058F6E7845A41
382	Organization 382	Address 382	0103000020110F00000100000005000000A3275FA8728855419DE1F6FB4BFD5A41131EB1CB5F8955419DE1F6FB4BFD5A41131EB1CB5F895541A08D6BB207FE5A41A3275FA872885541A08D6BB207FE5A41A3275FA8728855419DE1F6FB4BFD5A41
383	Organization 383	Address 383	0103000020110F00000100000005000000643316E78EEF544182D4A19C40FF5941453577ED8DF0544182D4A19C40FF5941453577ED8DF05441EAB7824F57005A41643316E78EEF5441EAB7824F57005A41643316E78EEF544182D4A19C40FF5941
384	Organization 384	Address 384	0103000020110F00000100000005000000B24EE2B7DE455541F9505509CE225B415394422B84465541F9505509CE225B415394422B84465541E3047A9491235B41B24EE2B7DE455541E3047A9491235B41B24EE2B7DE455541F9505509CE225B41
385	Organization 385	Address 385	0103000020110F000001000000050000003F7BC1614C725441D0423923E70C5B410B8934DB10735441D0423923E70C5B410B8934DB10735441FBC6EA95020E5B413F7BC1614C725441FBC6EA95020E5B413F7BC1614C725441D0423923E70C5B41
386	Organization 386	Address 386	0103000020110F00000100000005000000B8DD1C8FB7C754415515307D83DF5941532F31B958C854415515307D83DF5941532F31B958C8544149B4910582E05941B8DD1C8FB7C7544149B4910582E05941B8DD1C8FB7C754415515307D83DF5941
387	Organization 387	Address 387	0103000020110F00000100000005000000EA2E9AD2D6A85541CD64A3A47F315B41554ECCE073A95541CD64A3A47F315B41554ECCE073A95541DC8B11D4CF325B41EA2E9AD2D6A85541DC8B11D4CF325B41EA2E9AD2D6A85541CD64A3A47F315B41
388	Organization 388	Address 388	0103000020110F0000010000000500000057D1749A8ABF55414C03A7259F0A5A41FF8047C493C055414C03A7259F0A5A41FF8047C493C055411270F8BCE00B5A4157D1749A8ABF55411270F8BCE00B5A4157D1749A8ABF55414C03A7259F0A5A41
389	Organization 389	Address 389	0103000020110F0000010000000500000094D69273A2B4554172E4E8E0220B5A414C97C82D76B5554172E4E8E0220B5A414C97C82D76B555416A245C2D4F0C5A4194D69273A2B455416A245C2D4F0C5A4194D69273A2B4554172E4E8E0220B5A41
390	Organization 390	Address 390	0103000020110F00000100000005000000EB86FE3314D45541F9B706E014905B414FE7FBFEE8D45541F9B706E014905B414FE7FBFEE8D4554123A4BB589E905B41EB86FE3314D4554123A4BB589E905B41EB86FE3314D45541F9B706E014905B41
391	Organization 391	Address 391	0103000020110F000001000000050000004E5C1575CE415541D960F18976E35A41D423E5BE4D425541D960F18976E35A41D423E5BE4D425541B5C782A6DEE45A414E5C1575CE415541B5C782A6DEE45A414E5C1575CE415541D960F18976E35A41
392	Organization 392	Address 392	0103000020110F000001000000050000006EAEEFB8A45A55410865646B2DCE5B41BCAEDD44225B55410865646B2DCE5B41BCAEDD44225B55410D1D7060A0CF5B416EAEEFB8A45A55410D1D7060A0CF5B416EAEEFB8A45A55410865646B2DCE5B41
393	Organization 393	Address 393	0103000020110F000001000000050000003868D012683355413DC4B7A6D0195B41D8A8419C7F3455413DC4B7A6D0195B41D8A8419C7F345541C4126D2C741A5B413868D01268335541C4126D2C741A5B413868D012683355413DC4B7A6D0195B41
394	Organization 394	Address 394	0103000020110F000001000000050000007F4CEA72D39D55415EC4C59FD6B75A41CD2D04EA0C9F55415EC4C59FD6B75A41CD2D04EA0C9F55417F7AC79BB0B85A417F4CEA72D39D55417F7AC79BB0B85A417F4CEA72D39D55415EC4C59FD6B75A41
395	Organization 395	Address 395	0103000020110F00000100000005000000310AE1053FCD55410D0A9AD5A2B15B41EEBD1201FACD55410D0A9AD5A2B15B41EEBD1201FACD5541F18D3EE1E8B25B41310AE1053FCD5541F18D3EE1E8B25B41310AE1053FCD55410D0A9AD5A2B15B41
396	Organization 396	Address 396	0103000020110F000001000000050000006A3EDB0A305C54416D4D73C3B4D65A41E967B7429E5D54416D4D73C3B4D65A41E967B7429E5D5441AC556D67B0D75A416A3EDB0A305C5441AC556D67B0D75A416A3EDB0A305C54416D4D73C3B4D65A41
397	Organization 397	Address 397	0103000020110F0000010000000500000043C8FBC4DA625541F6A0863121795A41CC9E647B76635541F6A0863121795A41CC9E647B766355418F678ABD1E7A5A4143C8FBC4DA6255418F678ABD1E7A5A4143C8FBC4DA625541F6A0863121795A41
398	Organization 398	Address 398	0103000020110F00000100000005000000900089F62A5455419951575193D159416975AFD0AC5455419951575193D159416975AFD0AC545541F92042808AD25941900089F62A545541F92042808AD25941900089F62A5455419951575193D15941
399	Organization 399	Address 399	0103000020110F0000010000000500000014D769DEE4E75441587D3483A0E65A412636F95CB5E85441587D3483A0E65A412636F95CB5E854413DF1D4AD9CE75A4114D769DEE4E754413DF1D4AD9CE75A4114D769DEE4E75441587D3483A0E65A41
400	Organization 400	Address 400	0103000020110F00000100000005000000CDB1EFA7E4E3544155F9352EC43B5B4162499420A4E4544155F9352EC43B5B4162499420A4E45441EF92E7ABA83C5B41CDB1EFA7E4E35441EF92E7ABA83C5B41CDB1EFA7E4E3544155F9352EC43B5B41
401	Organization 401	Address 401	0103000020110F00000100000005000000250F9840FE96554103D1056067BA5B41FE14C7CE1398554103D1056067BA5B41FE14C7CE139855416C2FFB2129BB5B41250F9840FE9655416C2FFB2129BB5B41250F9840FE96554103D1056067BA5B41
402	Organization 402	Address 402	0103000020110F00000100000005000000A2FA7C3323EA5541BCD67FB5EEA45B41AE94AF355CEB5541BCD67FB5EEA45B41AE94AF355CEB55417FBF80B71BA65B41A2FA7C3323EA55417FBF80B71BA65B41A2FA7C3323EA5541BCD67FB5EEA45B41
403	Organization 403	Address 403	0103000020110F00000100000005000000D6A26C271DFE5541BE06F72CE3145B4166CD1D7C18FF5541BE06F72CE3145B4166CD1D7C18FF55418955154339165B41D6A26C271DFE55418955154339165B41D6A26C271DFE5541BE06F72CE3145B41
404	Organization 404	Address 404	0103000020110F00000100000005000000685EEB64740A564104B1B28A0B055B4152EEC1936B0B564104B1B28A0B055B4152EEC1936B0B56415132D03F03065B41685EEB64740A56415132D03F03065B41685EEB64740A564104B1B28A0B055B41
405	Organization 405	Address 405	0103000020110F0000010000000500000098EAFC1A534F5541CB6EE2F64AA25A41C5279AE4F24F5541CB6EE2F64AA25A41C5279AE4F24F5541D0933D00C0A35A4198EAFC1A534F5541D0933D00C0A35A4198EAFC1A534F5541CB6EE2F64AA25A41
406	Organization 406	Address 406	0103000020110F00000100000005000000246638AC8C3F5541400F3AC9ACE65941C5F09C4269405541400F3AC9ACE65941C5F09C426940554181BE7DA663E75941246638AC8C3F554181BE7DA663E75941246638AC8C3F5541400F3AC9ACE65941
407	Organization 407	Address 407	0103000020110F00000100000005000000EB41420C725F5441032F477E67155B4177C43EEB5F605441032F477E67155B4177C43EEB5F60544143BD215693165B41EB41420C725F544143BD215693165B41EB41420C725F5441032F477E67155B41
408	Organization 408	Address 408	0103000020110F00000100000005000000243476D6DAF65441A02F560DA67A5B41618ECCFAEBF75441A02F560DA67A5B41618ECCFAEBF7544145B6804FA47B5B41243476D6DAF6544145B6804FA47B5B41243476D6DAF65441A02F560DA67A5B41
409	Organization 409	Address 409	0103000020110F000001000000050000006BD29010EED555415356C52E995B5A413D02F6B07FD655415356C52E995B5A413D02F6B07FD65541DE083F946C5C5A416BD29010EED55541DE083F946C5C5A416BD29010EED555415356C52E995B5A41
410	Organization 410	Address 410	0103000020110F00000100000005000000B9183E54C36D5541FF26FF5C7E3D5B418DBDD78AE36E5541FF26FF5C7E3D5B418DBDD78AE36E554131AD300DE23E5B41B9183E54C36D554131AD300DE23E5B41B9183E54C36D5541FF26FF5C7E3D5B41
411	Organization 411	Address 411	0103000020110F00000100000005000000EAB17D4CA39254413AB7853068095B417AEA6980FC9354413AB7853068095B417AEA6980FC9354410F882079990A5B41EAB17D4CA39254410F882079990A5B41EAB17D4CA39254413AB7853068095B41
412	Organization 412	Address 412	0103000020110F000001000000050000009CB3730BA6E75541A986A7755F1C5A41249E6F1773E85541A986A7755F1C5A41249E6F1773E8554103DB9C41CE1D5A419CB3730BA6E7554103DB9C41CE1D5A419CB3730BA6E75541A986A7755F1C5A41
413	Organization 413	Address 413	0103000020110F000001000000050000004064B6149AD45541269AE3FCBA885B417F3F62DD91D55541269AE3FCBA885B417F3F62DD91D55541CACBF223A6895B414064B6149AD45541CACBF223A6895B414064B6149AD45541269AE3FCBA885B41
414	Organization 414	Address 414	0103000020110F000001000000050000001586C6ED0BF354410BA87F54238C5B41BDBCF86071F454410BA87F54238C5B41BDBCF86071F454411EB9AAD9E48C5B411586C6ED0BF354411EB9AAD9E48C5B411586C6ED0BF354410BA87F54238C5B41
415	Organization 415	Address 415	0103000020110F000001000000050000009A6D92C432F65541129315CDD2EC59419103B99E43F75541129315CDD2EC59419103B99E43F755415F80135639EE59419A6D92C432F655415F80135639EE59419A6D92C432F65541129315CDD2EC5941
416	Organization 416	Address 416	0103000020110F00000100000005000000F7912C70DA7955417DDA565FC03C5A41AF18B386A37A55417DDA565FC03C5A41AF18B386A37A5541FE63A690793D5A41F7912C70DA795541FE63A690793D5A41F7912C70DA7955417DDA565FC03C5A41
417	Organization 417	Address 417	0103000020110F00000100000005000000F4B5F789DDBC55411B0432ABF5CB5A4152A15CF6CCBD55411B0432ABF5CB5A4152A15CF6CCBD5541219A03B358CD5A41F4B5F789DDBC5541219A03B358CD5A41F4B5F789DDBC55411B0432ABF5CB5A41
418	Organization 418	Address 418	0103000020110F00000100000005000000B47F845890E2544146A201F602CA5941019ECE7017E3544146A201F602CA5941019ECE7017E35441460CEF7539CB5941B47F845890E25441460CEF7539CB5941B47F845890E2544146A201F602CA5941
419	Organization 419	Address 419	0103000020110F00000100000005000000083787E0AEE954416178B2EAED0B5A41033B5603D1EA54416178B2EAED0B5A41033B5603D1EA5441B3EFCC6D5A0D5A41083787E0AEE95441B3EFCC6D5A0D5A41083787E0AEE954416178B2EAED0B5A41
420	Organization 420	Address 420	0103000020110F0000010000000500000049817EB9E2C2554111B43A51175A5A413833715615C4554111B43A51175A5A413833715615C45541B139D6349F5A5A4149817EB9E2C25541B139D6349F5A5A4149817EB9E2C2554111B43A51175A5A41
421	Organization 421	Address 421	0103000020110F000001000000050000007934D32595905541A35F9CFFB9205A412FD738ECFF915541A35F9CFFB9205A412FD738ECFF915541A79B15AE0D225A417934D32595905541A79B15AE0D225A417934D32595905541A35F9CFFB9205A41
422	Organization 422	Address 422	0103000020110F00000100000005000000E205EABC2B295541111155E509B25B41EEEA50801D2A5541111155E509B25B41EEEA50801D2A55417D2B32265AB35B41E205EABC2B2955417D2B32265AB35B41E205EABC2B295541111155E509B25B41
423	Organization 423	Address 423	0103000020110F0000010000000500000084EF44E2D22E5641B2EF399008C95B412ED77F991D305641B2EF399008C95B412ED77F991D305641A87ED97866CA5B4184EF44E2D22E5641A87ED97866CA5B4184EF44E2D22E5641B2EF399008C95B41
424	Organization 424	Address 424	0103000020110F00000100000005000000B67F95E67FA05541FBAD7BEB2D415B4171EB7711C6A15541FBAD7BEB2D415B4171EB7711C6A1554118CCB089D3415B41B67F95E67FA0554118CCB089D3415B41B67F95E67FA05541FBAD7BEB2D415B41
425	Organization 425	Address 425	0103000020110F000001000000050000005001352A81B75441A9BE9D716A4D5A41143F2DA42EB85441A9BE9D716A4D5A41143F2DA42EB85441D468532FDA4E5A415001352A81B75441D468532FDA4E5A415001352A81B75441A9BE9D716A4D5A41
426	Organization 426	Address 426	0103000020110F00000100000005000000922B84A2072C564116FCA0801F6D5A4182138FA2362D564116FCA0801F6D5A4182138FA2362D5641B3EFF4A1286E5A41922B84A2072C5641B3EFF4A1286E5A41922B84A2072C564116FCA0801F6D5A41
427	Organization 427	Address 427	0103000020110F00000100000005000000AF21CF47F3BD5441F501A06535635B41BE87428B50BF5441F501A06535635B41BE87428B50BF5441B1526C1F08645B41AF21CF47F3BD5441B1526C1F08645B41AF21CF47F3BD5441F501A06535635B41
428	Organization 428	Address 428	0103000020110F000001000000050000008B3020CA239655411FC0F8275FAE5A416E161AD7489755411FC0F8275FAE5A416E161AD7489755412FC2AE0FE4AE5A418B3020CA239655412FC2AE0FE4AE5A418B3020CA239655411FC0F8275FAE5A41
429	Organization 429	Address 429	0103000020110F00000100000005000000D8CC2B0A41C45541F06B7D26B4205A41D988EE18A1C55541F06B7D26B4205A41D988EE18A1C55541A6F0601037215A41D8CC2B0A41C45541A6F0601037215A41D8CC2B0A41C45541F06B7D26B4205A41
430	Organization 430	Address 430	0103000020110F00000100000005000000FAE9E1247CCD544188CD3583B4EE594105F237E1B1CE544188CD3583B4EE594105F237E1B1CE54417B4D0B31EDEF5941FAE9E1247CCD54417B4D0B31EDEF5941FAE9E1247CCD544188CD3583B4EE5941
431	Organization 431	Address 431	0103000020110F000001000000050000005F0F9C6F39BF5541302C816F57F95A410A32930641C05541302C816F57F95A410A32930641C05541E978B6D194FA5A415F0F9C6F39BF5541E978B6D194FA5A415F0F9C6F39BF5541302C816F57F95A41
432	Organization 432	Address 432	0103000020110F00000100000005000000ED74A46B19EA5541AC19F51E4A005A417F9BBC9B70EB5541AC19F51E4A005A417F9BBC9B70EB5541A7F5AD0C7F015A41ED74A46B19EA5541A7F5AD0C7F015A41ED74A46B19EA5541AC19F51E4A005A41
433	Organization 433	Address 433	0103000020110F00000100000005000000D6DE0996484B5541920B9E3920B65A413B8FDD9EEE4B5541920B9E3920B65A413B8FDD9EEE4B5541CA2D949A1DB75A41D6DE0996484B5541CA2D949A1DB75A41D6DE0996484B5541920B9E3920B65A41
434	Organization 434	Address 434	0103000020110F0000010000000500000030C2CA59883956417225508DA5065B41CE11E4C90F3A56417225508DA5065B41CE11E4C90F3A5641D0A293BD7C075B4130C2CA5988395641D0A293BD7C075B4130C2CA59883956417225508DA5065B41
435	Organization 435	Address 435	0103000020110F000001000000050000005F7F94AF88EB5541221A8E59CC0A5A41DCEBF34BF7EC5541221A8E59CC0A5A41DCEBF34BF7EC55416ABA098FCE0B5A415F7F94AF88EB55416ABA098FCE0B5A415F7F94AF88EB5541221A8E59CC0A5A41
436	Organization 436	Address 436	0103000020110F00000100000005000000611280640E4A554107D23BB462325B41689D0F0B234B554107D23BB462325B41689D0F0B234B554133A0024D7B335B41611280640E4A554133A0024D7B335B41611280640E4A554107D23BB462325B41
437	Organization 437	Address 437	0103000020110F0000010000000500000023BFC9F34B715541BE78FBD3EAD8594159BC5BF943725541BE78FBD3EAD8594159BC5BF9437255418F5C22DFBED9594123BFC9F34B7155418F5C22DFBED9594123BFC9F34B715541BE78FBD3EAD85941
438	Organization 438	Address 438	0103000020110F000001000000050000004060762CA3165541DFD1C91755BC5A41C4BFB93E86175541DFD1C91755BC5A41C4BFB93E86175541D22592F8CABD5A414060762CA3165541D22592F8CABD5A414060762CA3165541DFD1C91755BC5A41
439	Organization 439	Address 439	0103000020110F00000100000005000000E7D992E6641F554165F52B7170A35B41C364ACED9A20554165F52B7170A35B41C364ACED9A205541D880929F3CA45B41E7D992E6641F5541D880929F3CA45B41E7D992E6641F554165F52B7170A35B41
440	Organization 440	Address 440	0103000020110F000001000000050000000B0A2DF81B285641CACF094812155B416BDCD87F0E295641CACF094812155B416BDCD87F0E29564101DC1360C7155B410B0A2DF81B28564101DC1360C7155B410B0A2DF81B285641CACF094812155B41
441	Organization 441	Address 441	0103000020110F000001000000050000008822FB98C717564163BB393F13B85A41970456BADB18564163BB393F13B85A41970456BADB185641A1DF74A971B95A418822FB98C7175641A1DF74A971B95A418822FB98C717564163BB393F13B85A41
442	Organization 442	Address 442	0103000020110F00000100000005000000B5A2C1D6AB105641767C51145A525A4181B09D89E7115641767C51145A525A4181B09D89E71156412EC8498CD0535A41B5A2C1D6AB1056412EC8498CD0535A41B5A2C1D6AB105641767C51145A525A41
443	Organization 443	Address 443	0103000020110F00000100000005000000EEBDC386BC275641B42B54676E615B41A6E66F5659285641B42B54676E615B41A6E66F5659285641D4E38B3E6C625B41EEBDC386BC275641D4E38B3E6C625B41EEBDC386BC275641B42B54676E615B41
444	Organization 444	Address 444	0103000020110F000001000000050000004524CD28733D5641439578D662135A41F76A142DE63E5641439578D662135A41F76A142DE63E56415CCA4DC969145A414524CD28733D56415CCA4DC969145A414524CD28733D5641439578D662135A41
445	Organization 445	Address 445	0103000020110F00000100000005000000A8925CD21AF955419E8A35FAF4B85B4154BA0F2EFEF955419E8A35FAF4B85B4154BA0F2EFEF955419F5833BDCBB95B41A8925CD21AF955419F5833BDCBB95B41A8925CD21AF955419E8A35FAF4B85B41
446	Organization 446	Address 446	0103000020110F0000010000000500000030AADB8234735441537DB5BF96B25B41E7F51F9D95745441537DB5BF96B25B41E7F51F9D95745441484A9C9C14B35B4130AADB8234735441484A9C9C14B35B4130AADB8234735441537DB5BF96B25B41
447	Organization 447	Address 447	0103000020110F00000100000005000000AF6D7BEE367A5441C1E72C227B9D5A41D3BF59DD2F7B5441C1E72C227B9D5A41D3BF59DD2F7B5441A0B060FB2E9E5A41AF6D7BEE367A5441A0B060FB2E9E5A41AF6D7BEE367A5441C1E72C227B9D5A41
448	Organization 448	Address 448	0103000020110F000001000000050000005ADE38A2EC195641BF8EE5C038135A413941A9C1971A5641BF8EE5C038135A413941A9C1971A56415E1BA8D5A6145A415ADE38A2EC1956415E1BA8D5A6145A415ADE38A2EC195641BF8EE5C038135A41
449	Organization 449	Address 449	0103000020110F00000100000005000000B644780AA81B5541F09FBB802DDD5A41C0F9FA836D1C5541F09FBB802DDD5A41C0F9FA836D1C55414F740F1D17DE5A41B644780AA81B55414F740F1D17DE5A41B644780AA81B5541F09FBB802DDD5A41
450	Organization 450	Address 450	0103000020110F00000100000005000000CFE8E337174E5641DC4F3321324C5A41E7BCDBB8854F5641DC4F3321324C5A41E7BCDBB8854F5641E435AB0FE54C5A41CFE8E337174E5641E435AB0FE54C5A41CFE8E337174E5641DC4F3321324C5A41
451	Organization 451	Address 451	0103000020110F0000010000000500000056BF056277F555417E087FC8E01C5A410AA48A9A81F655417E087FC8E01C5A410AA48A9A81F6554182DA6E40981D5A4156BF056277F5554182DA6E40981D5A4156BF056277F555417E087FC8E01C5A41
452	Organization 452	Address 452	0103000020110F00000100000005000000E079274757385541839DDECFB7B35A413B8555C95F395541839DDECFB7B35A413B8555C95F395541F05E8B11B7B45A41E079274757385541F05E8B11B7B45A41E079274757385541839DDECFB7B35A41
453	Organization 453	Address 453	0103000020110F00000100000005000000FD51A2EC14A25541CE3597AB325A5A419F09858630A35541CE3597AB325A5A419F09858630A35541A85C4022145B5A41FD51A2EC14A25541A85C4022145B5A41FD51A2EC14A25541CE3597AB325A5A41
454	Organization 454	Address 454	0103000020110F000001000000050000002E39F8E347375641174418B0927E5B41BC9A00602A385641174418B0927E5B41BC9A00602A38564158F37BC02D7F5B412E39F8E34737564158F37BC02D7F5B412E39F8E347375641174418B0927E5B41
455	Organization 455	Address 455	0103000020110F00000100000005000000F63587E5227D5541F780BEFB33FD5A41BDCFCF90AA7D5541F780BEFB33FD5A41BDCFCF90AA7D5541926918CEBAFD5A41F63587E5227D5541926918CEBAFD5A41F63587E5227D5541F780BEFB33FD5A41
456	Organization 456	Address 456	0103000020110F000001000000050000007F3FFC534BD755418C9FCA9240625B410228E2F95FD855418C9FCA9240625B410228E2F95FD85541F60411BC2D635B417F3FFC534BD75541F60411BC2D635B417F3FFC534BD755418C9FCA9240625B41
457	Organization 457	Address 457	0103000020110F00000100000005000000F6E50B81B07454414739972035E35941FF2FB334527554414739972035E35941FF2FB33452755441A259BAB42BE45941F6E50B81B0745441A259BAB42BE45941F6E50B81B07454414739972035E35941
458	Organization 458	Address 458	0103000020110F00000100000005000000C47452EB1A395641DE8DF2D183E75A41C5CE101FBE395641DE8DF2D183E75A41C5CE101FBE395641B73C3006C6E85A41C47452EB1A395641B73C3006C6E85A41C47452EB1A395641DE8DF2D183E75A41
459	Organization 459	Address 459	0103000020110F000001000000050000001D493165EF425541533A17143D145A413D486B7D97435541533A17143D145A413D486B7D974355411E41B80548155A411D493165EF4255411E41B80548155A411D493165EF425541533A17143D145A41
460	Organization 460	Address 460	0103000020110F0000010000000500000020118387CEF35541BC78FFFBD0CC5941EC2D9232F9F45541BC78FFFBD0CC5941EC2D9232F9F45541A1C306C022CE594120118387CEF35541A1C306C022CE594120118387CEF35541BC78FFFBD0CC5941
461	Organization 461	Address 461	0103000020110F00000100000005000000804E003191F05541B4CDA73267795B414B6151E4E5F15541B4CDA73267795B414B6151E4E5F1554150DA1BEC447A5B41804E003191F0554150DA1BEC447A5B41804E003191F05541B4CDA73267795B41
462	Organization 462	Address 462	0103000020110F00000100000005000000107D19868169554168D1B92044C75B418285686D936A554168D1B92044C75B418285686D936A55416191ECDF62C85B41107D1986816955416191ECDF62C85B41107D19868169554168D1B92044C75B41
463	Organization 463	Address 463	0103000020110F0000010000000500000089B027EE922B5641B0428CCA19335B41C0947D96A02C5641B0428CCA19335B41C0947D96A02C56419B4C1C72D4335B4189B027EE922B56419B4C1C72D4335B4189B027EE922B5641B0428CCA19335B41
464	Organization 464	Address 464	0103000020110F00000100000005000000D140652A100C5641E0223C1B9DBC5A4109597726EC0C5641E0223C1B9DBC5A4109597726EC0C564121A8C1ED26BD5A41D140652A100C564121A8C1ED26BD5A41D140652A100C5641E0223C1B9DBC5A41
465	Organization 465	Address 465	0103000020110F0000010000000500000014575F0F38F95541881AFFD4F7255A41C0BC08BFE1F95541881AFFD4F7255A41C0BC08BFE1F95541D82381D17B265A4114575F0F38F95541D82381D17B265A4114575F0F38F95541881AFFD4F7255A41
466	Organization 466	Address 466	0103000020110F000001000000050000000A1C419599AA5441F13591C1E1575B41CA7EA52EF4AB5441F13591C1E1575B41CA7EA52EF4AB54418D185CDFDC585B410A1C419599AA54418D185CDFDC585B410A1C419599AA5441F13591C1E1575B41
467	Organization 467	Address 467	0103000020110F00000100000005000000255E7455BDF0554159957875DF765B41011FF940FAF1554159957875DF765B41011FF940FAF15541FD9C7D9683775B41255E7455BDF05541FD9C7D9683775B41255E7455BDF0554159957875DF765B41
468	Organization 468	Address 468	0103000020110F00000100000005000000CD25F94632D15541480AFF5EDC015B4131DC45EF81D25541480AFF5EDC015B4131DC45EF81D25541175CB4F7F5025B41CD25F94632D15541175CB4F7F5025B41CD25F94632D15541480AFF5EDC015B41
469	Organization 469	Address 469	0103000020110F000001000000050000003165EE842B125641A57B359B6ED75941BE11F0D9A8125641A57B359B6ED75941BE11F0D9A81256419E4EDE1705D859413165EE842B1256419E4EDE1705D859413165EE842B125641A57B359B6ED75941
470	Organization 470	Address 470	0103000020110F00000100000005000000518EAE41335B5541EB311A6F93D45B410242B6EEB95B5541EB311A6F93D45B410242B6EEB95B55417807EF5EF6D55B41518EAE41335B55417807EF5EF6D55B41518EAE41335B5541EB311A6F93D45B41
471	Organization 471	Address 471	0103000020110F000001000000050000004E612940D31756414F83636EDB685A41507A00DF571856414F83636EDB685A41507A00DF57185641E5F4DC69456A5A414E612940D3175641E5F4DC69456A5A414E612940D31756414F83636EDB685A41
472	Organization 472	Address 472	0103000020110F000001000000050000003C57AF1D56EF5541DD43230D70B65A41456CDDD843F05541DD43230D70B65A41456CDDD843F05541FC9380247AB75A413C57AF1D56EF5541FC9380247AB75A413C57AF1D56EF5541DD43230D70B65A41
473	Organization 473	Address 473	0103000020110F00000100000005000000C4720ECFA73255419697880C10365A41BA8E94E2B83355419697880C10365A41BA8E94E2B8335541AB9E653878375A41C4720ECFA7325541AB9E653878375A41C4720ECFA73255419697880C10365A41
474	Organization 474	Address 474	0103000020110F000001000000050000002528E4532D3F5541832BCCDCAD0E5A41C659504799405541832BCCDCAD0E5A41C659504799405541FBD502D9DE0F5A412528E4532D3F5541FBD502D9DE0F5A412528E4532D3F5541832BCCDCAD0E5A41
475	Organization 475	Address 475	0103000020110F0000010000000500000073DD3DC825DD5441746CE6D64C515A41F772C7EDD5DD5441746CE6D64C515A41F772C7EDD5DD5441240F373123525A4173DD3DC825DD5441240F373123525A4173DD3DC825DD5441746CE6D64C515A41
476	Organization 476	Address 476	0103000020110F00000100000005000000F5B2F841983056415200655D6D6B5B41DEF748CE423156415200655D6D6B5B41DEF748CE4231564181D9A74B586C5B41F5B2F8419830564181D9A74B586C5B41F5B2F841983056415200655D6D6B5B41
477	Organization 477	Address 477	0103000020110F0000010000000500000093ED90552C475641762D483F38AA5B41503B5FB86F485641762D483F38AA5B41503B5FB86F485641F1A9754C13AB5B4193ED90552C475641F1A9754C13AB5B4193ED90552C475641762D483F38AA5B41
478	Organization 478	Address 478	0103000020110F00000100000005000000AB43624E670855411A0E562414215B411281934E650955411A0E562414215B411281934E65095541086C1770B9215B41AB43624E67085541086C1770B9215B41AB43624E670855411A0E562414215B41
479	Organization 479	Address 479	0103000020110F000001000000050000008A442D1877E954419034132EFEEC5A41BD597F0176EA54419034132EFEEC5A41BD597F0176EA54413C03F9208EED5A418A442D1877E954413C03F9208EED5A418A442D1877E954419034132EFEEC5A41
480	Organization 480	Address 480	0103000020110F000001000000050000008050C7BDCE065641529DCED8E2675B41EA6965AA2E085641529DCED8E2675B41EA6965AA2E085641A03D19C602695B418050C7BDCE065641A03D19C602695B418050C7BDCE065641529DCED8E2675B41
481	Organization 481	Address 481	0103000020110F0000010000000500000013341557412E5641BBF4C31CA9D95941336B2BEA212F5641BBF4C31CA9D95941336B2BEA212F56413B6949E64DDA594113341557412E56413B6949E64DDA594113341557412E5641BBF4C31CA9D95941
482	Organization 482	Address 482	0103000020110F000001000000050000001F0000F7BA7C544171AF035218875A41E1B9FC74077E544171AF035218875A41E1B9FC74077E544130F080404A885A411F0000F7BA7C544130F080404A885A411F0000F7BA7C544171AF035218875A41
483	Organization 483	Address 483	0103000020110F00000100000005000000DDD47F145E8255416EE77371BD555A412C0A6545DD8255416EE77371BD555A412C0A6545DD8255418F52317556565A41DDD47F145E8255418F52317556565A41DDD47F145E8255416EE77371BD555A41
484	Organization 484	Address 484	0103000020110F0000010000000500000011109865439F5541C6D36B5081205A41F411A0AFADA05541C6D36B5081205A41F411A0AFADA05541C260403B54215A4111109865439F5541C260403B54215A4111109865439F5541C6D36B5081205A41
485	Organization 485	Address 485	0103000020110F0000010000000500000074A829F841145641A26E2DDB035F5B418F4A99729F155641A26E2DDB035F5B418F4A99729F155641C44A5B05CD5F5B4174A829F841145641C44A5B05CD5F5B4174A829F841145641A26E2DDB035F5B41
486	Organization 486	Address 486	0103000020110F000001000000050000002BBEFD5C2C3E5541BBC64099CFE0594184EF89A89B3F5541BBC64099CFE0594184EF89A89B3F5541E6530B19F8E159412BBEFD5C2C3E5541E6530B19F8E159412BBEFD5C2C3E5541BBC64099CFE05941
487	Organization 487	Address 487	0103000020110F00000100000005000000189F56C81E2655419512421C3CD559415C09AF8AE62655419512421C3CD559415C09AF8AE626554133EE98E4AFD65941189F56C81E26554133EE98E4AFD65941189F56C81E2655419512421C3CD55941
488	Organization 488	Address 488	0103000020110F00000100000005000000485E57B060E25541CFD4612EB96D5B4157AB859615E35541CFD4612EB96D5B4157AB859615E35541A110A161376E5B41485E57B060E25541A110A161376E5B41485E57B060E25541CFD4612EB96D5B41
489	Organization 489	Address 489	0103000020110F000001000000050000009A583D9F63D6544120A8A46C7D4E5A418595D9DA96D7544120A8A46C7D4E5A418595D9DA96D75441EE9350FC2E4F5A419A583D9F63D65441EE9350FC2E4F5A419A583D9F63D6544120A8A46C7D4E5A41
490	Organization 490	Address 490	0103000020110F00000100000005000000D65F776FD6AD54416A591203B9745A416B10F176E3AE54416A591203B9745A416B10F176E3AE5441CA32FA8DDE755A41D65F776FD6AD5441CA32FA8DDE755A41D65F776FD6AD54416A591203B9745A41
491	Organization 491	Address 491	0103000020110F000001000000050000001ED449F925CA55419F51B7CA8B8B5A4107463CBD01CB55419F51B7CA8B8B5A4107463CBD01CB5541B5A326F1478C5A411ED449F925CA5541B5A326F1478C5A411ED449F925CA55419F51B7CA8B8B5A41
492	Organization 492	Address 492	0103000020110F00000100000005000000E9A95B9CCB0F5641FC8E3BEAA01E5A41CE77D8E9AC105641FC8E3BEAA01E5A41CE77D8E9AC105641DC3F597A951F5A41E9A95B9CCB0F5641DC3F597A951F5A41E9A95B9CCB0F5641FC8E3BEAA01E5A41
493	Organization 493	Address 493	0103000020110F00000100000005000000CCB6E63EF6495541A14B7EBCEE655A4186950C557C4A5541A14B7EBCEE655A4186950C557C4A5541298E9B83F5665A41CCB6E63EF6495541298E9B83F5665A41CCB6E63EF6495541A14B7EBCEE655A41
494	Organization 494	Address 494	0103000020110F000001000000050000002A25A35185C65441ABE54ED4A0A85A41A5D9B3B449C75441ABE54ED4A0A85A41A5D9B3B449C754414133C99302AA5A412A25A35185C654414133C99302AA5A412A25A35185C65441ABE54ED4A0A85A41
495	Organization 495	Address 495	0103000020110F00000100000005000000FD74D1A5705655411CA0B175CCDF5A41CA28D993BD5755411CA0B175CCDF5A41CA28D993BD575541C324BC44E8E05A41FD74D1A570565541C324BC44E8E05A41FD74D1A5705655411CA0B175CCDF5A41
496	Organization 496	Address 496	0103000020110F0000010000000500000084C333B050C2554152BD092CA8375B41B71F66B253C3554152BD092CA8375B41B71F66B253C355417402E832AD385B4184C333B050C255417402E832AD385B4184C333B050C2554152BD092CA8375B41
497	Organization 497	Address 497	0103000020110F00000100000005000000CB26BE411AED5441746DAE46A2185A416FA6F41EC4ED5441746DAE46A2185A416FA6F41EC4ED5441D4962215FF195A41CB26BE411AED5441D4962215FF195A41CB26BE411AED5441746DAE46A2185A41
498	Organization 498	Address 498	0103000020110F000001000000050000000802CDADD00C564126571F0DAAFF5941AAF322C0060E564126571F0DAAFF5941AAF322C0060E56415122486C5D005A410802CDADD00C56415122486C5D005A410802CDADD00C564126571F0DAAFF5941
499	Organization 499	Address 499	0103000020110F00000100000005000000D7E7A26DCA8155411859C094F1D059413D05A5F9998255411859C094F1D059413D05A5F999825541DC5B68E4A6D15941D7E7A26DCA815541DC5B68E4A6D15941D7E7A26DCA8155411859C094F1D05941
500	Organization 500	Address 500	0103000020110F000001000000050000001485B277B6DF55416CB0689DF3AF5B411B706E35D2E055416CB0689DF3AF5B411B706E35D2E0554172B464F237B15B411485B277B6DF554172B464F237B15B411485B277B6DF55416CB0689DF3AF5B41
\.


--
-- Data for Name: product; Type: TABLE DATA; Schema: public; Owner: postgres
--

COPY public.product (id, code, name) FROM stdin;
1	2	Product 1
2	3	Product 2
3	4	Product 3
4	5	Product 4
5	6	Product 5
6	7	Product 6
7	8	Product 7
8	9	Product 8
9	10	Product 9
10	11	Product 10
11	12	Product 11
12	13	Product 12
13	14	Product 13
14	15	Product 14
15	16	Product 15
16	17	Product 16
17	18	Product 17
18	19	Product 18
19	20	Product 19
20	21	Product 20
21	22	Product 21
22	23	Product 22
23	24	Product 23
24	25	Product 24
25	26	Product 25
26	27	Product 26
27	28	Product 27
28	29	Product 28
29	30	Product 29
30	31	Product 30
31	32	Product 31
32	33	Product 32
33	34	Product 33
34	35	Product 34
35	36	Product 35
36	37	Product 36
37	38	Product 37
38	39	Product 38
39	40	Product 39
40	41	Product 40
41	42	Product 41
42	43	Product 42
43	44	Product 43
44	45	Product 44
45	46	Product 45
46	47	Product 46
47	48	Product 47
48	49	Product 48
49	50	Product 49
50	51	Product 50
51	52	Product 51
52	53	Product 52
53	54	Product 53
54	55	Product 54
55	56	Product 55
56	57	Product 56
57	58	Product 57
58	59	Product 58
59	60	Product 59
60	61	Product 60
61	62	Product 61
62	63	Product 62
63	64	Product 63
64	65	Product 64
65	66	Product 65
66	67	Product 66
67	68	Product 67
68	69	Product 68
69	70	Product 69
70	71	Product 70
71	72	Product 71
72	73	Product 72
73	74	Product 73
74	75	Product 74
75	76	Product 75
76	77	Product 76
77	78	Product 77
78	79	Product 78
79	80	Product 79
80	81	Product 80
81	82	Product 81
82	83	Product 82
83	84	Product 83
84	85	Product 84
85	86	Product 85
86	87	Product 86
87	88	Product 87
88	89	Product 88
89	90	Product 89
90	91	Product 90
91	92	Product 91
92	93	Product 92
93	94	Product 93
94	95	Product 94
95	96	Product 95
96	97	Product 96
97	98	Product 97
98	99	Product 98
99	100	Product 99
100	101	Product 100
101	102	Product 101
102	103	Product 102
103	104	Product 103
104	105	Product 104
105	106	Product 105
106	107	Product 106
107	108	Product 107
108	109	Product 108
109	110	Product 109
110	111	Product 110
111	112	Product 111
112	113	Product 112
113	114	Product 113
114	115	Product 114
115	116	Product 115
116	117	Product 116
117	118	Product 117
118	119	Product 118
119	120	Product 119
120	121	Product 120
121	122	Product 121
122	123	Product 122
123	124	Product 123
124	125	Product 124
125	126	Product 125
126	127	Product 126
127	128	Product 127
128	129	Product 128
129	130	Product 129
130	131	Product 130
131	132	Product 131
132	133	Product 132
133	134	Product 133
134	135	Product 134
135	136	Product 135
136	137	Product 136
137	138	Product 137
138	139	Product 138
139	140	Product 139
140	141	Product 140
141	142	Product 141
142	143	Product 142
143	144	Product 143
144	145	Product 144
145	146	Product 145
146	147	Product 146
147	148	Product 147
148	149	Product 148
149	150	Product 149
150	151	Product 150
151	152	Product 151
152	153	Product 152
153	154	Product 153
154	155	Product 154
155	156	Product 155
156	157	Product 156
157	158	Product 157
158	159	Product 158
159	160	Product 159
160	161	Product 160
161	162	Product 161
162	163	Product 162
163	164	Product 163
164	165	Product 164
165	166	Product 165
166	167	Product 166
167	168	Product 167
168	169	Product 168
169	170	Product 169
170	171	Product 170
171	172	Product 171
172	173	Product 172
173	174	Product 173
174	175	Product 174
175	176	Product 175
176	177	Product 176
177	178	Product 177
178	179	Product 178
179	180	Product 179
180	181	Product 180
181	182	Product 181
182	183	Product 182
183	184	Product 183
184	185	Product 184
185	186	Product 185
186	187	Product 186
187	188	Product 187
188	189	Product 188
189	190	Product 189
190	191	Product 190
191	192	Product 191
192	193	Product 192
193	194	Product 193
194	195	Product 194
195	196	Product 195
196	197	Product 196
197	198	Product 197
198	199	Product 198
199	200	Product 199
200	201	Product 200
201	202	Product 201
202	203	Product 202
203	204	Product 203
204	205	Product 204
205	206	Product 205
206	207	Product 206
207	208	Product 207
208	209	Product 208
209	210	Product 209
210	211	Product 210
211	212	Product 211
212	213	Product 212
213	214	Product 213
214	215	Product 214
215	216	Product 215
216	217	Product 216
217	218	Product 217
218	219	Product 218
219	220	Product 219
220	221	Product 220
221	222	Product 221
222	223	Product 222
223	224	Product 223
224	225	Product 224
225	226	Product 225
226	227	Product 226
227	228	Product 227
228	229	Product 228
229	230	Product 229
230	231	Product 230
231	232	Product 231
232	233	Product 232
233	234	Product 233
234	235	Product 234
235	236	Product 235
236	237	Product 236
237	238	Product 237
238	239	Product 238
239	240	Product 239
240	241	Product 240
241	242	Product 241
242	243	Product 242
243	244	Product 243
244	245	Product 244
245	246	Product 245
246	247	Product 246
247	248	Product 247
248	249	Product 248
249	250	Product 249
250	251	Product 250
251	252	Product 251
252	253	Product 252
253	254	Product 253
254	255	Product 254
255	256	Product 255
256	257	Product 256
257	258	Product 257
258	259	Product 258
259	260	Product 259
260	261	Product 260
261	262	Product 261
262	263	Product 262
263	264	Product 263
264	265	Product 264
265	266	Product 265
266	267	Product 266
267	268	Product 267
268	269	Product 268
269	270	Product 269
270	271	Product 270
271	272	Product 271
272	273	Product 272
273	274	Product 273
274	275	Product 274
275	276	Product 275
276	277	Product 276
277	278	Product 277
278	279	Product 278
279	280	Product 279
280	281	Product 280
281	282	Product 281
282	283	Product 282
283	284	Product 283
284	285	Product 284
285	286	Product 285
286	287	Product 286
287	288	Product 287
288	289	Product 288
289	290	Product 289
290	291	Product 290
291	292	Product 291
292	293	Product 292
293	294	Product 293
294	295	Product 294
295	296	Product 295
296	297	Product 296
297	298	Product 297
298	299	Product 298
299	300	Product 299
300	301	Product 300
301	302	Product 301
302	303	Product 302
303	304	Product 303
304	305	Product 304
305	306	Product 305
306	307	Product 306
307	308	Product 307
308	309	Product 308
309	310	Product 309
310	311	Product 310
311	312	Product 311
312	313	Product 312
313	314	Product 313
314	315	Product 314
315	316	Product 315
316	317	Product 316
317	318	Product 317
318	319	Product 318
319	320	Product 319
320	321	Product 320
321	322	Product 321
322	323	Product 322
323	324	Product 323
324	325	Product 324
325	326	Product 325
326	327	Product 326
327	328	Product 327
328	329	Product 328
329	330	Product 329
330	331	Product 330
331	332	Product 331
332	333	Product 332
333	334	Product 333
334	335	Product 334
335	336	Product 335
336	337	Product 336
337	338	Product 337
338	339	Product 338
339	340	Product 339
340	341	Product 340
341	342	Product 341
342	343	Product 342
343	344	Product 343
344	345	Product 344
345	346	Product 345
346	347	Product 346
347	348	Product 347
348	349	Product 348
349	350	Product 349
350	351	Product 350
351	352	Product 351
352	353	Product 352
353	354	Product 353
354	355	Product 354
355	356	Product 355
356	357	Product 356
357	358	Product 357
358	359	Product 358
359	360	Product 359
360	361	Product 360
361	362	Product 361
362	363	Product 362
363	364	Product 363
364	365	Product 364
365	366	Product 365
366	367	Product 366
367	368	Product 367
368	369	Product 368
369	370	Product 369
370	371	Product 370
371	372	Product 371
372	373	Product 372
373	374	Product 373
374	375	Product 374
375	376	Product 375
376	377	Product 376
377	378	Product 377
378	379	Product 378
379	380	Product 379
380	381	Product 380
381	382	Product 381
382	383	Product 382
383	384	Product 383
384	385	Product 384
385	386	Product 385
386	387	Product 386
387	388	Product 387
388	389	Product 388
389	390	Product 389
390	391	Product 390
391	392	Product 391
392	393	Product 392
393	394	Product 393
394	395	Product 394
395	396	Product 395
396	397	Product 396
397	398	Product 397
398	399	Product 398
399	400	Product 399
400	401	Product 400
401	402	Product 401
402	403	Product 402
403	404	Product 403
404	405	Product 404
405	406	Product 405
406	407	Product 406
407	408	Product 407
408	409	Product 408
409	410	Product 409
410	411	Product 410
411	412	Product 411
412	413	Product 412
413	414	Product 413
414	415	Product 414
415	416	Product 415
416	417	Product 416
417	418	Product 417
418	419	Product 418
419	420	Product 419
420	421	Product 420
421	422	Product 421
422	423	Product 422
423	424	Product 423
424	425	Product 424
425	426	Product 425
426	427	Product 426
427	428	Product 427
428	429	Product 428
429	430	Product 429
430	431	Product 430
431	432	Product 431
432	433	Product 432
433	434	Product 433
434	435	Product 434
435	436	Product 435
436	437	Product 436
437	438	Product 437
438	439	Product 438
439	440	Product 439
440	441	Product 440
441	442	Product 441
442	443	Product 442
443	444	Product 443
444	445	Product 444
445	446	Product 445
446	447	Product 446
447	448	Product 447
448	449	Product 448
449	450	Product 449
450	451	Product 450
451	452	Product 451
452	453	Product 452
453	454	Product 453
454	455	Product 454
455	456	Product 455
456	457	Product 456
457	458	Product 457
458	459	Product 458
459	460	Product 459
460	461	Product 460
461	462	Product 461
462	463	Product 462
463	464	Product 463
464	465	Product 464
465	466	Product 465
466	467	Product 466
467	468	Product 467
468	469	Product 468
469	470	Product 469
470	471	Product 470
471	472	Product 471
472	473	Product 472
473	474	Product 473
474	475	Product 474
475	476	Product 475
476	477	Product 476
477	478	Product 477
478	479	Product 478
479	480	Product 479
480	481	Product 480
481	482	Product 481
482	483	Product 482
483	484	Product 483
484	485	Product 484
485	486	Product 485
486	487	Product 486
487	488	Product 487
488	489	Product 488
489	490	Product 489
490	491	Product 490
491	492	Product 491
492	493	Product 492
493	494	Product 493
494	495	Product 494
495	496	Product 495
496	497	Product 496
497	498	Product 497
498	499	Product 498
499	500	Product 499
500	501	Product 500
\.


--
-- Data for Name: spatial_ref_sys; Type: TABLE DATA; Schema: public; Owner: postgres
--

COPY public.spatial_ref_sys (srid, auth_name, auth_srid, srtext, proj4text) FROM stdin;
\.


--
-- Data for Name: supply; Type: TABLE DATA; Schema: public; Owner: postgres
--

COPY public.supply (id, product, organization, supply_date, quantity) FROM stdin;
1	96	5	2024-09-14 20:10:36.837371+04	45
2	97	380	2024-07-19 20:10:36.837421+04	62
3	44	169	2024-04-24 20:10:36.837422+04	21
4	287	25	2024-04-27 20:10:36.837422+04	54
5	287	190	2025-02-24 20:10:36.837422+04	55
6	158	274	2024-08-31 20:10:36.837422+04	16
7	472	389	2024-04-03 20:10:36.837422+04	83
8	220	442	2024-04-17 20:10:36.837422+04	40
9	281	310	2024-11-04 20:10:36.837423+04	55
10	177	205	2024-07-10 20:10:36.837423+04	86
11	410	440	2024-09-27 20:10:36.837423+04	77
12	318	39	2025-01-26 20:10:36.837423+04	43
13	148	34	2024-11-06 20:10:36.837423+04	62
14	102	10	2024-03-30 20:10:36.837423+04	39
15	14	322	2025-02-24 20:10:36.837423+04	64
16	168	214	2024-06-18 20:10:36.837423+04	81
17	481	272	2024-04-21 20:10:36.837423+04	97
18	410	56	2024-05-30 20:10:36.837423+04	67
19	88	415	2024-04-10 20:10:36.837424+04	18
20	499	101	2024-09-12 20:10:36.837424+04	70
21	485	42	2024-10-28 20:10:36.837424+04	67
22	427	405	2024-03-30 20:10:36.837424+04	24
23	75	382	2025-01-25 20:10:36.837424+04	95
24	81	473	2025-02-22 20:10:36.837424+04	19
25	299	297	2024-12-29 20:10:36.837424+04	49
26	140	125	2024-04-16 20:10:36.837424+04	93
27	334	345	2024-06-19 20:10:36.837424+04	94
28	372	272	2024-11-18 20:10:36.837424+04	83
29	348	240	2024-10-24 20:10:36.837424+04	63
30	373	303	2024-04-08 20:10:36.837425+04	37
31	406	42	2024-10-18 20:10:36.837425+04	22
32	182	98	2024-10-01 20:10:36.837425+04	70
33	172	309	2024-07-06 20:10:36.837425+04	83
34	492	303	2025-01-18 20:10:36.837425+04	36
35	2	90	2025-02-18 20:10:36.837425+04	19
36	127	489	2024-11-23 20:10:36.837425+04	75
37	66	394	2024-06-02 20:10:36.837425+04	44
38	377	422	2024-04-30 20:10:36.837425+04	47
39	449	34	2024-04-25 20:10:36.837426+04	48
40	322	6	2025-01-17 20:10:36.837426+04	25
41	347	394	2024-09-26 20:10:36.837426+04	57
42	435	247	2025-02-13 20:10:36.837426+04	18
43	108	418	2024-09-14 20:10:36.837426+04	81
44	55	182	2024-09-18 20:10:36.837426+04	12
45	394	253	2024-05-03 20:10:36.837426+04	10
46	386	70	2024-08-31 20:10:36.837426+04	97
47	495	355	2024-06-20 20:10:36.837426+04	17
48	251	357	2024-07-30 20:10:36.837426+04	97
49	152	389	2025-02-22 20:10:36.837426+04	80
50	92	180	2024-06-11 20:10:36.837426+04	55
51	45	76	2024-03-23 20:10:36.837427+04	27
52	7	72	2025-01-05 20:10:36.837427+04	21
53	498	330	2024-05-02 20:10:36.837427+04	70
54	32	40	2024-10-28 20:10:36.837427+04	19
55	211	201	2024-03-30 20:10:36.837427+04	40
56	102	379	2024-10-16 20:10:36.837427+04	30
57	496	495	2024-05-08 20:10:36.837427+04	87
58	336	309	2024-12-15 20:10:36.837427+04	57
59	321	52	2024-07-02 20:10:36.837427+04	95
60	379	385	2024-11-16 20:10:36.837427+04	99
61	197	318	2024-08-21 20:10:36.837427+04	48
62	120	30	2024-03-31 20:10:36.837427+04	21
63	36	61	2024-09-23 20:10:36.837427+04	16
64	123	277	2024-04-09 20:10:36.837427+04	89
65	369	150	2024-04-15 20:10:36.837427+04	36
66	314	41	2024-04-04 20:10:36.837428+04	48
67	24	453	2024-10-18 20:10:36.83743+04	34
68	188	213	2025-02-10 20:10:36.83743+04	50
69	33	283	2024-10-18 20:10:36.83743+04	23
70	164	101	2024-10-22 20:10:36.837431+04	48
71	477	24	2024-11-12 20:10:36.837431+04	81
72	368	30	2024-07-12 20:10:36.837431+04	82
73	28	266	2024-12-17 20:10:36.837431+04	46
74	10	361	2024-05-30 20:10:36.837431+04	72
75	139	35	2024-11-07 20:10:36.837431+04	28
76	284	494	2024-08-29 20:10:36.837431+04	92
77	236	448	2024-10-28 20:10:36.837431+04	77
78	181	278	2025-01-28 20:10:36.837431+04	88
79	169	66	2024-10-25 20:10:36.837431+04	33
80	63	374	2024-10-27 20:10:36.837431+04	67
81	53	23	2024-06-28 20:10:36.837431+04	93
82	70	202	2024-09-10 20:10:36.837431+04	81
83	305	156	2024-11-19 20:10:36.837431+04	93
84	11	313	2024-07-10 20:10:36.837431+04	19
85	144	70	2024-06-05 20:10:36.837431+04	61
86	300	40	2024-10-03 20:10:36.837432+04	54
87	51	492	2024-05-06 20:10:36.837432+04	89
88	305	81	2025-02-27 20:10:36.837432+04	62
89	476	56	2024-10-22 20:10:36.837432+04	33
90	399	400	2024-07-25 20:10:36.837432+04	42
91	208	183	2025-01-02 20:10:36.837432+04	84
92	38	77	2024-09-27 20:10:36.837432+04	98
93	432	28	2024-11-10 20:10:36.837432+04	32
94	384	470	2024-09-06 20:10:36.837432+04	12
95	81	234	2025-03-18 20:10:36.837432+04	81
96	8	484	2024-04-17 20:10:36.837432+04	40
97	219	40	2024-06-11 20:10:36.837432+04	71
98	401	342	2024-05-01 20:10:36.837432+04	79
99	450	259	2025-01-21 20:10:36.837432+04	74
100	403	344	2025-02-28 20:10:36.837432+04	64
101	313	21	2024-07-26 20:10:36.837432+04	97
102	312	74	2025-03-17 20:10:36.837432+04	34
103	238	210	2024-07-27 20:10:36.837432+04	69
104	305	20	2024-10-20 20:10:36.837432+04	73
105	429	106	2024-11-15 20:10:36.837432+04	65
106	27	313	2024-05-09 20:10:36.837433+04	70
107	8	348	2024-10-20 20:10:36.837433+04	81
108	400	31	2024-09-28 20:10:36.837433+04	96
109	491	340	2024-06-26 20:10:36.837433+04	40
110	131	315	2024-12-04 20:10:36.837433+04	61
111	136	416	2024-12-22 20:10:36.837433+04	95
112	91	104	2024-09-05 20:10:36.837433+04	86
113	472	358	2024-11-09 20:10:36.837433+04	55
114	35	171	2024-08-31 20:10:36.837433+04	73
115	466	472	2025-01-10 20:10:36.837433+04	88
116	368	153	2024-08-20 20:10:36.837433+04	56
117	287	28	2024-11-30 20:10:36.837433+04	97
118	257	463	2024-10-22 20:10:36.837433+04	29
119	71	310	2024-10-07 20:10:36.837433+04	100
120	328	426	2024-09-20 20:10:36.837433+04	41
121	217	387	2024-03-31 20:10:36.837433+04	55
122	102	258	2025-02-13 20:10:36.837433+04	42
123	123	325	2024-08-19 20:10:36.837433+04	22
124	19	424	2024-10-03 20:10:36.837433+04	38
125	281	99	2024-06-13 20:10:36.837433+04	94
126	151	138	2024-05-11 20:10:36.837433+04	16
127	81	99	2024-03-27 20:10:36.837434+04	40
128	274	103	2024-08-19 20:10:36.837434+04	86
129	441	337	2025-01-19 20:10:36.837434+04	65
130	253	331	2024-06-06 20:10:36.837434+04	92
131	232	332	2024-05-30 20:10:36.837434+04	31
132	136	12	2024-04-26 20:10:36.837434+04	13
133	325	266	2024-06-20 20:10:36.837434+04	22
134	149	449	2024-12-08 20:10:36.837434+04	72
135	116	107	2024-08-21 20:10:36.837434+04	93
136	278	460	2024-06-27 20:10:36.837434+04	56
137	356	159	2025-02-09 20:10:36.837434+04	73
138	37	294	2024-06-07 20:10:36.837434+04	31
139	52	177	2024-06-07 20:10:36.837434+04	17
140	426	425	2025-02-02 20:10:36.837434+04	61
141	138	243	2024-06-20 20:10:36.837434+04	48
142	75	457	2024-08-07 20:10:36.837434+04	23
143	1	484	2024-10-19 20:10:36.837434+04	15
144	215	205	2024-07-04 20:10:36.837434+04	86
145	476	101	2025-01-31 20:10:36.837434+04	94
146	312	333	2024-11-18 20:10:36.837434+04	21
147	136	78	2024-11-08 20:10:36.837435+04	44
148	397	321	2024-12-29 20:10:36.837435+04	41
149	155	233	2024-05-14 20:10:36.837435+04	91
150	175	47	2024-09-21 20:10:36.837435+04	15
151	394	400	2024-10-01 20:10:36.837435+04	58
152	101	283	2024-06-27 20:10:36.837435+04	16
153	321	495	2024-05-22 20:10:36.837435+04	83
154	238	197	2024-09-27 20:10:36.837435+04	68
155	490	431	2025-02-26 20:10:36.837435+04	30
156	273	437	2024-12-15 20:10:36.837435+04	55
157	482	281	2024-07-20 20:10:36.837435+04	58
158	392	300	2024-07-13 20:10:36.837435+04	63
159	158	167	2025-02-23 20:10:36.837435+04	84
160	408	227	2024-11-16 20:10:36.837435+04	82
161	419	178	2025-02-02 20:10:36.837435+04	82
162	186	431	2024-10-05 20:10:36.837435+04	79
163	251	381	2024-06-26 20:10:36.837435+04	92
164	186	381	2025-02-06 20:10:36.837435+04	88
165	293	337	2024-06-16 20:10:36.837435+04	44
166	228	217	2025-02-13 20:10:36.837435+04	75
167	133	292	2025-02-11 20:10:36.837435+04	32
168	256	338	2024-10-15 20:10:36.837436+04	20
169	311	478	2024-07-09 20:10:36.837436+04	95
170	194	39	2024-10-14 20:10:36.837436+04	59
171	360	284	2024-07-23 20:10:36.837436+04	72
172	208	466	2024-06-25 20:10:36.837436+04	80
173	225	41	2024-10-01 20:10:36.837436+04	99
174	402	73	2024-11-19 20:10:36.837436+04	31
175	470	5	2024-04-21 20:10:36.837436+04	83
176	149	24	2025-02-25 20:10:36.837436+04	14
177	8	188	2024-04-02 20:10:36.837436+04	32
178	314	90	2024-10-09 20:10:36.837436+04	98
179	403	431	2024-09-27 20:10:36.837436+04	58
180	320	31	2024-03-26 20:10:36.837436+04	11
181	227	244	2024-06-01 20:10:36.837436+04	83
182	313	264	2024-11-10 20:10:36.837436+04	39
183	68	424	2024-05-17 20:10:36.837436+04	93
184	377	250	2024-10-29 20:10:36.837436+04	64
185	183	216	2024-05-04 20:10:36.837436+04	44
186	40	388	2024-10-01 20:10:36.837436+04	61
187	277	256	2024-06-20 20:10:36.837436+04	44
188	56	401	2024-11-11 20:10:36.837436+04	31
189	55	109	2024-08-14 20:10:36.837436+04	17
190	491	374	2024-07-12 20:10:36.837437+04	34
191	332	399	2024-10-06 20:10:36.837437+04	35
192	376	496	2024-05-08 20:10:36.837437+04	91
193	264	434	2024-04-14 20:10:36.837437+04	26
194	335	195	2024-07-08 20:10:36.837437+04	89
195	450	71	2025-01-09 20:10:36.837438+04	31
196	271	20	2024-09-13 20:10:36.837438+04	53
197	5	248	2024-08-11 20:10:36.837438+04	17
198	316	291	2025-01-19 20:10:36.837438+04	78
199	339	386	2024-07-13 20:10:36.837438+04	26
200	497	393	2024-10-26 20:10:36.837439+04	15
201	332	18	2025-02-07 20:10:36.837439+04	75
202	6	121	2025-01-16 20:10:36.837439+04	96
203	480	445	2024-09-24 20:10:36.837439+04	86
204	197	395	2024-03-29 20:10:36.837439+04	54
205	141	185	2024-12-21 20:10:36.837439+04	99
206	202	218	2024-07-31 20:10:36.837439+04	61
207	352	204	2024-11-13 20:10:36.837439+04	19
208	109	286	2024-10-11 20:10:36.837439+04	50
209	143	463	2024-04-16 20:10:36.837439+04	32
210	465	215	2024-05-11 20:10:36.837439+04	55
211	184	469	2025-01-16 20:10:36.837439+04	89
212	239	228	2024-07-01 20:10:36.837439+04	53
213	156	114	2025-01-06 20:10:36.837439+04	44
214	386	78	2024-09-29 20:10:36.837439+04	86
215	121	66	2024-07-09 20:10:36.837439+04	11
216	105	70	2025-01-09 20:10:36.837439+04	39
217	342	38	2024-04-23 20:10:36.837439+04	46
218	465	277	2025-01-18 20:10:36.837439+04	42
219	360	12	2024-08-04 20:10:36.837439+04	41
220	81	450	2025-02-20 20:10:36.837439+04	91
221	194	424	2024-06-18 20:10:36.837439+04	96
222	92	125	2024-07-29 20:10:36.83744+04	42
223	121	437	2024-08-28 20:10:36.83744+04	26
224	398	492	2025-03-17 20:10:36.83744+04	45
225	422	421	2024-06-30 20:10:36.83744+04	61
226	247	469	2024-09-13 20:10:36.83744+04	53
227	126	356	2024-04-30 20:10:36.83744+04	50
228	65	137	2024-07-11 20:10:36.83744+04	16
229	413	165	2024-06-30 20:10:36.83744+04	80
230	202	36	2024-12-20 20:10:36.83744+04	64
231	244	292	2024-03-21 20:10:36.83744+04	13
232	296	104	2024-03-27 20:10:36.83744+04	56
233	358	437	2024-08-23 20:10:36.83744+04	81
234	183	308	2024-09-07 20:10:36.83744+04	15
235	4	19	2025-01-19 20:10:36.83744+04	18
236	182	256	2025-03-14 20:10:36.83744+04	12
237	171	496	2024-10-18 20:10:36.83744+04	85
238	186	394	2024-10-22 20:10:36.83744+04	35
239	261	245	2025-03-13 20:10:36.83744+04	75
240	345	28	2024-04-14 20:10:36.83744+04	15
241	234	387	2025-01-13 20:10:36.83744+04	89
242	106	490	2024-12-27 20:10:36.83744+04	26
243	395	298	2024-10-01 20:10:36.837441+04	76
244	394	189	2024-05-06 20:10:36.837441+04	63
245	264	128	2024-06-09 20:10:36.837441+04	34
246	419	419	2024-12-24 20:10:36.837441+04	85
247	394	216	2024-05-06 20:10:36.837441+04	99
248	282	164	2024-09-09 20:10:36.837441+04	22
249	254	378	2025-01-06 20:10:36.837441+04	83
250	124	251	2025-03-01 20:10:36.837441+04	46
251	182	456	2024-05-13 20:10:36.837441+04	28
252	85	3	2024-08-03 20:10:36.837441+04	32
253	39	6	2024-09-09 20:10:36.837441+04	82
254	208	117	2024-05-01 20:10:36.837441+04	10
255	370	108	2024-05-27 20:10:36.837441+04	84
256	403	437	2024-07-21 20:10:36.837441+04	51
257	78	340	2024-08-22 20:10:36.837441+04	82
258	39	22	2024-12-17 20:10:36.837441+04	31
259	23	265	2024-11-05 20:10:36.837441+04	73
260	348	149	2025-02-08 20:10:36.837441+04	40
261	219	385	2024-09-10 20:10:36.837441+04	28
262	117	416	2025-03-12 20:10:36.837441+04	100
263	52	344	2025-01-10 20:10:36.837442+04	41
264	256	183	2025-03-12 20:10:36.837442+04	23
265	446	497	2025-02-24 20:10:36.837442+04	46
266	53	182	2024-05-30 20:10:36.837442+04	84
267	403	454	2025-01-10 20:10:36.837442+04	41
268	87	284	2024-12-17 20:10:36.837442+04	89
269	442	31	2024-05-28 20:10:36.837442+04	68
270	329	302	2024-11-15 20:10:36.837442+04	56
271	192	65	2024-08-22 20:10:36.837442+04	86
272	292	222	2024-08-20 20:10:36.837442+04	43
273	476	175	2025-01-13 20:10:36.837442+04	62
274	91	480	2025-02-10 20:10:36.837442+04	76
275	288	378	2025-02-12 20:10:36.837446+04	20
276	116	369	2025-03-02 20:10:36.837446+04	88
277	43	257	2024-06-09 20:10:36.837446+04	26
278	384	418	2024-10-31 20:10:36.837446+04	97
279	425	41	2024-11-18 20:10:36.837446+04	78
280	1	66	2025-02-25 20:10:36.837446+04	59
281	137	201	2024-08-29 20:10:36.837446+04	87
282	279	140	2024-06-03 20:10:36.837446+04	36
283	491	410	2024-10-23 20:10:36.837446+04	82
284	494	117	2025-02-11 20:10:36.837446+04	94
285	310	450	2024-06-28 20:10:36.837446+04	36
286	468	242	2024-08-25 20:10:36.837446+04	24
287	190	467	2024-12-23 20:10:36.837446+04	35
288	412	242	2024-11-05 20:10:36.837446+04	71
289	129	122	2024-11-22 20:10:36.837446+04	35
290	495	181	2024-04-09 20:10:36.837446+04	31
291	427	140	2024-12-04 20:10:36.837446+04	49
292	75	463	2024-11-13 20:10:36.837446+04	33
293	473	303	2024-10-09 20:10:36.837446+04	85
294	500	497	2024-08-11 20:10:36.837446+04	78
295	319	168	2024-08-10 20:10:36.837447+04	92
296	490	116	2024-05-31 20:10:36.837447+04	18
297	73	450	2024-10-11 20:10:36.837447+04	49
298	193	176	2025-02-02 20:10:36.837447+04	23
299	433	468	2024-12-14 20:10:36.837447+04	65
300	65	331	2024-10-12 20:10:36.837447+04	54
301	16	202	2024-03-30 20:10:36.837447+04	85
302	103	315	2024-09-20 20:10:36.837447+04	58
303	135	46	2025-01-21 20:10:36.837447+04	49
304	45	331	2025-01-16 20:10:36.837447+04	57
305	232	50	2024-10-12 20:10:36.837447+04	59
306	374	429	2024-11-22 20:10:36.837447+04	69
307	454	40	2025-03-19 20:10:36.837447+04	82
308	128	342	2024-07-06 20:10:36.837447+04	93
309	312	466	2024-11-22 20:10:36.837447+04	60
310	354	145	2024-11-10 20:10:36.837447+04	34
311	33	262	2024-12-11 20:10:36.837447+04	56
312	423	452	2025-02-20 20:10:36.837447+04	15
313	150	133	2024-10-25 20:10:36.837447+04	39
314	213	444	2025-02-06 20:10:36.837447+04	34
315	440	497	2024-09-12 20:10:36.837447+04	93
316	290	436	2024-06-10 20:10:36.837447+04	38
317	273	156	2024-07-22 20:10:36.837448+04	91
318	213	421	2024-07-25 20:10:36.837448+04	50
319	136	394	2024-12-25 20:10:36.837448+04	61
320	200	443	2025-02-06 20:10:36.837448+04	19
321	250	35	2024-07-28 20:10:36.837448+04	69
322	56	320	2024-07-07 20:10:36.837448+04	90
323	208	219	2024-05-23 20:10:36.837448+04	83
324	449	313	2024-05-27 20:10:36.837448+04	55
325	202	214	2025-03-13 20:10:36.837448+04	93
326	270	454	2024-04-04 20:10:36.837448+04	50
327	154	153	2024-11-14 20:10:36.837448+04	79
328	60	177	2024-04-10 20:10:36.837448+04	43
329	218	458	2024-08-17 20:10:36.837448+04	99
330	414	443	2024-04-28 20:10:36.837448+04	70
331	355	297	2024-08-17 20:10:36.837448+04	85
332	394	193	2024-05-22 20:10:36.837448+04	27
333	476	397	2025-02-18 20:10:36.837448+04	52
334	100	500	2025-01-27 20:10:36.837448+04	78
335	462	283	2024-10-05 20:10:36.837448+04	58
336	295	228	2025-01-02 20:10:36.837448+04	80
337	486	385	2024-12-06 20:10:36.837448+04	22
338	4	450	2024-07-28 20:10:36.837448+04	83
339	321	14	2024-11-13 20:10:36.837449+04	96
340	257	457	2024-09-30 20:10:36.837449+04	46
341	375	19	2025-02-15 20:10:36.837449+04	88
342	278	464	2024-08-02 20:10:36.837449+04	52
343	163	292	2024-06-12 20:10:36.837449+04	100
344	263	381	2024-08-29 20:10:36.837449+04	43
345	114	474	2024-04-23 20:10:36.837449+04	59
346	416	18	2025-03-05 20:10:36.837449+04	28
347	40	234	2024-11-07 20:10:36.837449+04	45
348	388	149	2024-11-10 20:10:36.837449+04	66
349	423	46	2024-07-19 20:10:36.837449+04	62
350	315	231	2024-08-25 20:10:36.837449+04	62
351	100	382	2024-04-06 20:10:36.837449+04	96
352	202	153	2024-12-15 20:10:36.837449+04	98
353	156	350	2024-04-24 20:10:36.837449+04	34
354	128	470	2024-09-15 20:10:36.837449+04	67
355	293	42	2024-12-16 20:10:36.837449+04	40
356	372	83	2024-07-11 20:10:36.837449+04	92
357	18	195	2024-11-02 20:10:36.837449+04	12
358	434	39	2024-09-22 20:10:36.837449+04	46
359	312	310	2024-06-18 20:10:36.837449+04	29
360	13	488	2024-08-07 20:10:36.83745+04	34
361	426	260	2024-09-20 20:10:36.83745+04	45
362	276	86	2024-08-05 20:10:36.83745+04	15
363	243	183	2025-02-15 20:10:36.83745+04	21
364	57	390	2024-09-30 20:10:36.83745+04	61
365	493	1	2024-10-02 20:10:36.83745+04	74
366	338	324	2024-11-28 20:10:36.83745+04	47
367	106	381	2024-07-11 20:10:36.83745+04	66
368	362	454	2024-04-02 20:10:36.83745+04	50
369	44	13	2024-03-24 20:10:36.83745+04	60
370	30	202	2024-12-12 20:10:36.83745+04	20
371	401	467	2025-01-24 20:10:36.83745+04	49
372	153	472	2024-09-04 20:10:36.83745+04	20
373	258	219	2024-08-25 20:10:36.83745+04	40
374	133	129	2024-06-03 20:10:36.83745+04	53
375	316	486	2024-10-07 20:10:36.83745+04	24
376	88	398	2024-07-23 20:10:36.83745+04	54
377	125	45	2025-01-22 20:10:36.83745+04	78
378	405	115	2025-01-25 20:10:36.83745+04	90
379	454	461	2024-04-26 20:10:36.83745+04	78
380	373	378	2024-12-19 20:10:36.83745+04	86
381	9	3	2024-08-24 20:10:36.837451+04	77
382	379	19	2024-07-17 20:10:36.837451+04	94
383	343	42	2024-11-12 20:10:36.837451+04	15
384	96	93	2025-01-14 20:10:36.837451+04	46
385	446	354	2024-10-16 20:10:36.837451+04	28
386	54	428	2024-10-25 20:10:36.837451+04	28
387	20	411	2024-12-31 20:10:36.837451+04	44
388	467	455	2024-11-03 20:10:36.837451+04	68
389	158	399	2024-08-23 20:10:36.837451+04	50
390	472	163	2024-10-29 20:10:36.837451+04	23
391	22	136	2024-10-10 20:10:36.837451+04	62
392	361	281	2024-09-02 20:10:36.837451+04	27
393	378	189	2024-11-21 20:10:36.837451+04	85
394	26	357	2025-02-18 20:10:36.837451+04	64
395	253	352	2025-01-18 20:10:36.837451+04	87
396	225	462	2024-08-22 20:10:36.837451+04	91
397	373	163	2024-06-06 20:10:36.837451+04	28
398	220	450	2024-04-18 20:10:36.837451+04	87
399	416	45	2024-07-10 20:10:36.837451+04	89
400	441	57	2024-09-26 20:10:36.837451+04	75
401	120	221	2024-03-27 20:10:36.837451+04	73
402	72	240	2024-06-30 20:10:36.837451+04	37
403	403	38	2024-11-11 20:10:36.837452+04	60
404	212	52	2024-06-25 20:10:36.837452+04	43
405	20	224	2025-01-18 20:10:36.837452+04	82
406	469	92	2024-05-04 20:10:36.837452+04	49
407	191	393	2024-11-12 20:10:36.837452+04	60
408	282	294	2024-09-29 20:10:36.837452+04	39
409	85	438	2024-09-26 20:10:36.837452+04	74
410	264	203	2024-05-20 20:10:36.837452+04	96
411	409	431	2024-08-29 20:10:36.837452+04	43
412	210	32	2024-08-12 20:10:36.837452+04	40
413	138	199	2024-04-03 20:10:36.837452+04	17
414	65	485	2024-05-10 20:10:36.837452+04	78
415	167	173	2024-08-16 20:10:36.837452+04	34
416	17	62	2024-05-11 20:10:36.837452+04	20
417	453	76	2024-12-22 20:10:36.837452+04	63
418	141	37	2024-05-17 20:10:36.837452+04	61
419	27	264	2024-11-03 20:10:36.837452+04	38
420	440	306	2024-10-19 20:10:36.837452+04	55
421	46	222	2024-05-20 20:10:36.837452+04	32
422	481	45	2024-07-20 20:10:36.837452+04	31
423	239	313	2025-02-09 20:10:36.837452+04	91
424	409	347	2024-08-21 20:10:36.837452+04	77
425	155	288	2024-07-16 20:10:36.837453+04	94
426	206	285	2024-10-13 20:10:36.837453+04	17
427	393	174	2024-07-01 20:10:36.837453+04	70
428	305	453	2025-02-15 20:10:36.837453+04	64
429	394	438	2024-04-01 20:10:36.837453+04	42
430	396	118	2024-07-25 20:10:36.837453+04	17
431	228	116	2024-08-06 20:10:36.837453+04	45
432	395	452	2025-01-25 20:10:36.837453+04	86
433	242	241	2024-09-22 20:10:36.837453+04	27
434	348	188	2024-04-14 20:10:36.837453+04	84
435	490	139	2024-07-12 20:10:36.837453+04	56
436	79	302	2024-08-07 20:10:36.837453+04	58
437	313	258	2024-06-02 20:10:36.837453+04	38
438	5	440	2025-02-01 20:10:36.837453+04	16
439	170	379	2024-06-04 20:10:36.837453+04	18
440	324	244	2024-08-28 20:10:36.837453+04	25
441	305	231	2024-07-24 20:10:36.837453+04	86
442	150	221	2024-08-21 20:10:36.837453+04	94
443	16	39	2024-06-05 20:10:36.837453+04	89
444	292	23	2024-08-02 20:10:36.837453+04	10
445	211	125	2024-09-02 20:10:36.837453+04	42
446	380	177	2024-08-01 20:10:36.837466+04	29
447	229	132	2024-05-17 20:10:36.837466+04	43
448	411	30	2024-12-08 20:10:36.837466+04	73
449	85	406	2024-10-03 20:10:36.837466+04	12
450	404	417	2024-12-09 20:10:36.837466+04	32
451	397	494	2024-09-28 20:10:36.837467+04	32
452	356	89	2024-12-04 20:10:36.837467+04	25
453	398	466	2024-04-09 20:10:36.837467+04	60
454	321	494	2024-12-10 20:10:36.837467+04	69
455	169	189	2025-02-09 20:10:36.837467+04	33
456	172	319	2025-02-25 20:10:36.837467+04	35
457	296	375	2024-04-05 20:10:36.837467+04	29
458	115	281	2024-05-11 20:10:36.837467+04	71
459	448	116	2024-11-15 20:10:36.837467+04	61
460	259	212	2024-08-08 20:10:36.837467+04	73
461	375	392	2024-08-20 20:10:36.837467+04	55
462	313	191	2025-02-20 20:10:36.837467+04	84
463	350	482	2024-08-25 20:10:36.837467+04	100
464	168	293	2024-06-11 20:10:36.837467+04	79
465	17	167	2024-07-07 20:10:36.837467+04	37
466	195	435	2025-02-15 20:10:36.837467+04	96
467	347	497	2025-02-18 20:10:36.837467+04	37
468	346	110	2025-02-03 20:10:36.837467+04	50
469	457	271	2024-11-18 20:10:36.837467+04	90
470	285	148	2024-07-19 20:10:36.837467+04	85
471	230	297	2025-01-31 20:10:36.837467+04	61
472	223	160	2024-12-02 20:10:36.837467+04	69
473	378	156	2024-10-31 20:10:36.837468+04	48
474	285	182	2024-12-05 20:10:36.837468+04	81
475	136	22	2024-12-23 20:10:36.837468+04	17
476	99	77	2024-10-01 20:10:36.837468+04	82
477	423	47	2024-08-13 20:10:36.837468+04	90
478	407	210	2024-08-30 20:10:36.837468+04	24
479	343	374	2024-05-03 20:10:36.837468+04	45
480	376	483	2024-07-27 20:10:36.837468+04	76
481	32	220	2024-10-10 20:10:36.837468+04	67
482	388	140	2024-07-10 20:10:36.837468+04	44
483	264	277	2025-01-30 20:10:36.837468+04	77
484	197	422	2024-04-02 20:10:36.837468+04	65
485	441	143	2025-03-11 20:10:36.837468+04	42
486	304	167	2024-07-23 20:10:36.837468+04	62
487	91	222	2024-07-26 20:10:36.837468+04	78
488	428	69	2025-02-10 20:10:36.837468+04	87
489	180	323	2025-01-03 20:10:36.837468+04	57
490	428	239	2024-11-10 20:10:36.837468+04	33
491	49	450	2025-01-25 20:10:36.837468+04	93
492	326	443	2024-09-25 20:10:36.837468+04	98
493	386	88	2024-08-26 20:10:36.837468+04	38
494	260	37	2024-09-09 20:10:36.837468+04	62
495	233	17	2024-10-12 20:10:36.837469+04	37
496	100	389	2024-09-23 20:10:36.837469+04	66
497	496	183	2024-10-11 20:10:36.837469+04	28
498	51	160	2025-03-12 20:10:36.837469+04	94
499	116	241	2024-09-30 20:10:36.837469+04	70
500	376	246	2024-04-24 20:10:36.837469+04	42
\.


--
-- Name: cell_id_seq; Type: SEQUENCE SET; Schema: public; Owner: postgres
--

SELECT pg_catalog.setval('public.cell_id_seq', 501, false);


--
-- Name: organization_id_seq; Type: SEQUENCE SET; Schema: public; Owner: postgres
--

SELECT pg_catalog.setval('public.organization_id_seq', 501, false);


--
-- Name: product_id_seq; Type: SEQUENCE SET; Schema: public; Owner: postgres
--

SELECT pg_catalog.setval('public.product_id_seq', 501, false);


--
-- Name: supply_id_seq; Type: SEQUENCE SET; Schema: public; Owner: postgres
--

SELECT pg_catalog.setval('public.supply_id_seq', 501, false);


--
-- Name: __EFMigrationsHistory PK___EFMigrationsHistory; Type: CONSTRAINT; Schema: public; Owner: postgres
--

ALTER TABLE ONLY public."__EFMigrationsHistory"
    ADD CONSTRAINT "PK___EFMigrationsHistory" PRIMARY KEY ("MigrationId");


--
-- Name: cell PK_cell; Type: CONSTRAINT; Schema: public; Owner: postgres
--

ALTER TABLE ONLY public.cell
    ADD CONSTRAINT "PK_cell" PRIMARY KEY (id);


--
-- Name: organization PK_organization; Type: CONSTRAINT; Schema: public; Owner: postgres
--

ALTER TABLE ONLY public.organization
    ADD CONSTRAINT "PK_organization" PRIMARY KEY (id);


--
-- Name: product PK_product; Type: CONSTRAINT; Schema: public; Owner: postgres
--

ALTER TABLE ONLY public.product
    ADD CONSTRAINT "PK_product" PRIMARY KEY (id);


--
-- Name: supply PK_supply; Type: CONSTRAINT; Schema: public; Owner: postgres
--

ALTER TABLE ONLY public.supply
    ADD CONSTRAINT "PK_supply" PRIMARY KEY (id);


--
-- Name: IX_cell_product; Type: INDEX; Schema: public; Owner: postgres
--

CREATE INDEX "IX_cell_product" ON public.cell USING btree (product);


--
-- Name: IX_supply_organization; Type: INDEX; Schema: public; Owner: postgres
--

CREATE INDEX "IX_supply_organization" ON public.supply USING btree (organization);


--
-- Name: IX_supply_product; Type: INDEX; Schema: public; Owner: postgres
--

CREATE INDEX "IX_supply_product" ON public.supply USING btree (product);


--
-- Name: cell FK_cell_product_product; Type: FK CONSTRAINT; Schema: public; Owner: postgres
--

ALTER TABLE ONLY public.cell
    ADD CONSTRAINT "FK_cell_product_product" FOREIGN KEY (product) REFERENCES public.product(id) ON DELETE CASCADE;


--
-- Name: supply FK_supply_organization_organization; Type: FK CONSTRAINT; Schema: public; Owner: postgres
--

ALTER TABLE ONLY public.supply
    ADD CONSTRAINT "FK_supply_organization_organization" FOREIGN KEY (organization) REFERENCES public.organization(id) ON DELETE CASCADE;


--
-- Name: supply FK_supply_product_product; Type: FK CONSTRAINT; Schema: public; Owner: postgres
--

ALTER TABLE ONLY public.supply
    ADD CONSTRAINT "FK_supply_product_product" FOREIGN KEY (product) REFERENCES public.product(id) ON DELETE CASCADE;


--
-- PostgreSQL database dump complete
--

