--
-- PostgreSQL database dump
--

-- Dumped from database version 17.2
-- Dumped by pg_dump version 17.2

SET statement_timeout = 0;
SET lock_timeout = 0;
SET idle_in_transaction_session_timeout = 0;
SET transaction_timeout = 0;
SET client_encoding = 'UTF8';
SET standard_conforming_strings = on;
SELECT pg_catalog.set_config('search_path', '', false);
SET check_function_bodies = false;
SET xmloption = content;
SET client_min_messages = warning;
SET row_security = off;

--
-- Name: postgis; Type: EXTENSION; Schema: -; Owner: -
--

CREATE EXTENSION IF NOT EXISTS postgis WITH SCHEMA public;


--
-- Name: EXTENSION postgis; Type: COMMENT; Schema: -; Owner: 
--

COMMENT ON EXTENSION postgis IS 'PostGIS geometry and geography spatial types and functions';


SET default_tablespace = '';

SET default_table_access_method = heap;

--
-- Name: __EFMigrationsHistory; Type: TABLE; Schema: public; Owner: postgres
--

CREATE TABLE public."__EFMigrationsHistory" (
    "MigrationId" character varying(150) NOT NULL,
    "ProductVersion" character varying(32) NOT NULL
);


ALTER TABLE public."__EFMigrationsHistory" OWNER TO postgres;

--
-- Name: cell; Type: TABLE; Schema: public; Owner: postgres
--

CREATE TABLE public.cell (
    id integer NOT NULL,
    product integer NOT NULL,
    quantity integer NOT NULL
);


ALTER TABLE public.cell OWNER TO postgres;

--
-- Name: cell_id_seq; Type: SEQUENCE; Schema: public; Owner: postgres
--

ALTER TABLE public.cell ALTER COLUMN id ADD GENERATED BY DEFAULT AS IDENTITY (
    SEQUENCE NAME public.cell_id_seq
    START WITH 1
    INCREMENT BY 1
    NO MINVALUE
    NO MAXVALUE
    CACHE 1
);


--
-- Name: organization; Type: TABLE; Schema: public; Owner: postgres
--

CREATE TABLE public.organization (
    id integer NOT NULL,
    name character varying(50) NOT NULL,
    address character varying(50) NOT NULL,
    geometry public.geometry(Polygon,3857) NOT NULL
);


ALTER TABLE public.organization OWNER TO postgres;

--
-- Name: organization_id_seq; Type: SEQUENCE; Schema: public; Owner: postgres
--

ALTER TABLE public.organization ALTER COLUMN id ADD GENERATED BY DEFAULT AS IDENTITY (
    SEQUENCE NAME public.organization_id_seq
    START WITH 1
    INCREMENT BY 1
    NO MINVALUE
    NO MAXVALUE
    CACHE 1
);


--
-- Name: product; Type: TABLE; Schema: public; Owner: postgres
--

CREATE TABLE public.product (
    id integer NOT NULL,
    code integer NOT NULL,
    name character varying(50) NOT NULL
);


ALTER TABLE public.product OWNER TO postgres;

--
-- Name: product_id_seq; Type: SEQUENCE; Schema: public; Owner: postgres
--

ALTER TABLE public.product ALTER COLUMN id ADD GENERATED BY DEFAULT AS IDENTITY (
    SEQUENCE NAME public.product_id_seq
    START WITH 1
    INCREMENT BY 1
    NO MINVALUE
    NO MAXVALUE
    CACHE 1
);


--
-- Name: supply; Type: TABLE; Schema: public; Owner: postgres
--

CREATE TABLE public.supply (
    id integer NOT NULL,
    product integer NOT NULL,
    organization integer NOT NULL,
    supply_date timestamp with time zone NOT NULL,
    quantity integer NOT NULL
);


ALTER TABLE public.supply OWNER TO postgres;

--
-- Name: supply_id_seq; Type: SEQUENCE; Schema: public; Owner: postgres
--

ALTER TABLE public.supply ALTER COLUMN id ADD GENERATED BY DEFAULT AS IDENTITY (
    SEQUENCE NAME public.supply_id_seq
    START WITH 1
    INCREMENT BY 1
    NO MINVALUE
    NO MAXVALUE
    CACHE 1
);


--
-- Data for Name: __EFMigrationsHistory; Type: TABLE DATA; Schema: public; Owner: postgres
--

COPY public."__EFMigrationsHistory" ("MigrationId", "ProductVersion") FROM stdin;
20250313120048_Init	8.0.10
20250313131310_Init	8.0.10
20250313133429_Init	8.0.10
\.


--
-- Data for Name: cell; Type: TABLE DATA; Schema: public; Owner: postgres
--

COPY public.cell (id, product, quantity) FROM stdin;
1	2	56
2	201	38
3	387	91
4	100	46
5	494	74
6	50	59
7	395	51
8	41	45
9	13	98
10	474	23
11	197	74
12	361	16
13	178	60
14	27	16
15	159	57
16	228	75
17	496	18
18	292	50
19	456	15
20	337	43
21	37	45
22	12	60
23	445	33
24	327	84
25	340	61
26	270	33
27	326	50
28	167	46
29	186	86
30	73	25
31	273	33
32	161	63
33	210	17
34	102	65
35	225	71
36	146	57
37	217	21
38	227	75
39	273	26
40	148	87
41	90	94
42	485	62
43	128	57
44	184	10
45	375	58
46	151	87
47	413	24
48	394	44
49	301	63
50	384	60
51	135	70
52	488	23
53	332	52
54	54	97
55	28	60
56	401	94
57	350	76
58	88	90
59	231	64
60	378	32
61	337	63
62	254	94
63	276	17
64	22	67
65	12	98
66	229	38
67	5	43
68	52	78
69	286	36
70	237	99
71	348	89
72	453	19
73	266	72
74	22	82
75	480	76
76	23	41
77	199	73
78	452	43
79	231	44
80	250	91
81	31	23
82	223	51
83	362	67
84	171	84
85	329	25
86	482	39
87	450	30
88	16	17
89	290	12
90	146	52
91	363	93
92	445	44
93	242	57
94	450	86
95	247	88
96	74	81
97	219	98
98	244	90
99	403	62
100	481	29
101	59	51
102	438	92
103	264	52
104	482	38
105	238	41
106	345	37
107	370	79
108	154	56
109	18	41
110	198	11
111	208	49
112	423	32
113	36	19
114	473	78
115	354	47
116	123	31
117	360	38
118	62	99
119	52	61
120	454	31
121	284	81
122	15	39
123	374	45
124	283	91
125	176	35
126	427	30
127	24	11
128	66	11
129	326	88
130	32	65
131	94	43
132	132	62
133	425	20
134	400	78
135	357	27
136	292	91
137	111	56
138	229	79
139	56	12
140	496	59
141	393	49
142	115	40
143	490	46
144	346	37
145	447	38
146	6	61
147	235	40
148	251	58
149	328	13
150	275	11
151	435	18
152	197	48
153	212	85
154	344	15
155	356	25
156	394	45
157	379	63
158	8	15
159	273	38
160	294	65
161	18	43
162	285	87
163	440	57
164	481	44
165	360	59
166	135	89
167	336	30
168	484	62
169	155	56
170	333	20
171	342	95
172	290	47
173	453	15
174	225	88
175	485	38
176	111	41
177	93	65
178	194	59
179	45	46
180	351	38
181	16	81
182	124	63
183	211	80
184	215	90
185	189	47
186	158	54
187	370	69
188	102	38
189	157	64
190	135	46
191	366	32
192	294	22
193	429	97
194	276	58
195	248	34
196	349	83
197	382	53
198	161	54
199	220	26
200	299	45
201	393	86
202	445	75
203	216	79
204	206	65
205	23	28
206	106	60
207	367	60
208	117	21
209	367	63
210	20	32
211	193	43
212	277	51
213	41	71
214	217	79
215	384	20
216	65	33
217	97	27
218	257	32
219	478	31
220	406	27
221	428	48
222	73	68
223	495	91
224	495	16
225	44	26
226	38	51
227	285	67
228	355	71
229	135	95
230	178	86
231	65	17
232	403	22
233	38	29
234	381	31
235	100	38
236	49	66
237	248	13
238	240	11
239	71	89
240	120	77
241	450	35
242	326	82
243	302	39
244	428	57
245	151	69
246	181	12
247	495	48
248	146	25
249	342	50
250	465	99
251	179	47
252	220	95
253	425	98
254	455	77
255	394	35
256	331	47
257	265	68
258	166	43
259	213	11
260	49	31
261	118	16
262	67	89
263	496	13
264	317	16
265	103	41
266	171	83
267	434	24
268	237	58
269	70	93
270	140	71
271	261	94
272	62	40
273	234	49
274	418	79
275	307	74
276	71	39
277	10	89
278	376	71
279	332	87
280	488	99
281	212	69
282	112	73
283	279	84
284	293	51
285	120	75
286	25	18
287	418	73
288	353	37
289	102	90
290	21	16
291	110	52
292	486	70
293	134	97
294	77	95
295	424	51
296	342	48
297	39	55
298	47	16
299	60	77
300	86	21
301	184	44
302	392	55
303	403	27
304	40	56
305	11	49
306	342	15
307	81	53
308	67	91
309	204	33
310	121	85
311	237	23
312	344	13
313	115	53
314	18	21
315	478	89
316	150	30
317	387	99
318	340	56
319	442	90
320	84	33
321	126	85
322	238	63
323	380	25
324	200	18
325	35	79
326	395	38
327	263	21
328	347	36
329	32	36
330	62	65
331	309	60
332	331	20
333	30	74
334	202	30
335	12	22
336	3	36
337	462	62
338	436	26
339	483	46
340	65	65
341	297	31
342	311	79
343	80	50
344	39	70
345	38	77
346	44	16
347	499	84
348	91	13
349	155	40
350	140	55
351	68	65
352	223	88
353	276	44
354	457	53
355	460	27
356	382	44
357	32	87
358	426	94
359	15	91
360	190	24
361	472	96
362	120	30
363	197	64
364	308	31
365	31	22
366	46	88
367	252	48
368	116	42
369	71	91
370	340	49
371	43	76
372	417	85
373	448	50
374	128	24
375	473	35
376	141	19
377	413	25
378	371	66
379	384	64
380	43	13
381	265	67
382	213	72
383	83	24
384	351	94
385	300	18
386	413	76
387	324	54
388	400	89
389	333	67
390	13	17
391	27	49
392	109	23
393	473	17
394	14	77
395	304	24
396	142	67
397	73	58
398	287	76
399	483	58
400	135	31
401	102	88
402	411	49
403	246	14
404	349	13
405	323	20
406	228	99
407	61	26
408	113	72
409	67	74
410	442	69
411	382	40
412	490	82
413	24	29
414	414	18
415	158	75
416	65	60
417	270	62
418	116	35
419	414	84
420	151	33
421	375	37
422	140	10
423	427	88
424	70	11
425	439	74
426	499	69
427	33	77
428	168	71
429	56	67
430	472	15
431	156	93
432	341	27
433	362	26
434	314	35
435	457	51
436	22	66
437	437	11
438	366	24
439	65	58
440	91	15
441	371	28
442	324	89
443	23	75
444	60	88
445	377	48
446	351	95
447	191	72
448	203	78
449	401	86
450	355	35
451	475	70
452	37	51
453	226	57
454	25	46
455	440	12
456	59	33
457	268	76
458	447	50
459	119	36
460	196	91
461	34	78
462	250	12
463	204	95
464	154	53
465	219	73
466	364	82
467	487	48
468	187	85
469	278	93
470	388	71
471	195	54
472	125	29
473	468	88
474	390	65
475	96	16
476	326	55
477	408	28
478	98	69
479	459	19
480	498	40
481	121	53
482	60	99
483	210	86
484	464	40
485	166	45
486	491	68
487	415	98
488	409	19
489	481	28
490	13	27
491	441	17
492	402	55
493	295	26
494	453	45
495	116	80
496	411	17
497	53	24
498	217	93
499	300	43
500	41	95
\.


--
-- Data for Name: organization; Type: TABLE DATA; Schema: public; Owner: postgres
--

COPY public.organization (id, name, address, geometry) FROM stdin;
2	Organization 2	Address 2	0103000020110F000001000000050000000000000000000040000000000000004000000000000008400000000000000040000000000000084000000000000008400000000000000040000000000000084000000000000000400000000000000040
3	Organization 3	Address 3	0103000020110F000001000000050000000000000000000840000000000000084000000000000010400000000000000840000000000000104000000000000010400000000000000840000000000000104000000000000008400000000000000840
4	Organization 4	Address 4	0103000020110F000001000000050000000000000000001040000000000000104000000000000014400000000000001040000000000000144000000000000014400000000000001040000000000000144000000000000010400000000000001040
5	Organization 5	Address 5	0103000020110F000001000000050000000000000000001440000000000000144000000000000018400000000000001440000000000000184000000000000018400000000000001440000000000000184000000000000014400000000000001440
6	Organization 6	Address 6	0103000020110F00000100000005000000000000000000184000000000000018400000000000001C4000000000000018400000000000001C400000000000001C4000000000000018400000000000001C4000000000000018400000000000001840
7	Organization 7	Address 7	0103000020110F000001000000050000000000000000001C400000000000001C4000000000000020400000000000001C40000000000000204000000000000020400000000000001C4000000000000020400000000000001C400000000000001C40
8	Organization 8	Address 8	0103000020110F000001000000050000000000000000002040000000000000204000000000000022400000000000002040000000000000224000000000000022400000000000002040000000000000224000000000000020400000000000002040
9	Organization 9	Address 9	0103000020110F000001000000050000000000000000002240000000000000224000000000000024400000000000002240000000000000244000000000000024400000000000002240000000000000244000000000000022400000000000002240
10	Organization 10	Address 10	0103000020110F000001000000050000000000000000002440000000000000244000000000000026400000000000002440000000000000264000000000000026400000000000002440000000000000264000000000000024400000000000002440
11	Organization 11	Address 11	0103000020110F000001000000050000000000000000002640000000000000264000000000000028400000000000002640000000000000284000000000000028400000000000002640000000000000284000000000000026400000000000002640
12	Organization 12	Address 12	0103000020110F00000100000005000000000000000000284000000000000028400000000000002A4000000000000028400000000000002A400000000000002A4000000000000028400000000000002A4000000000000028400000000000002840
13	Organization 13	Address 13	0103000020110F000001000000050000000000000000002A400000000000002A400000000000002C400000000000002A400000000000002C400000000000002C400000000000002A400000000000002C400000000000002A400000000000002A40
14	Organization 14	Address 14	0103000020110F000001000000050000000000000000002C400000000000002C400000000000002E400000000000002C400000000000002E400000000000002E400000000000002C400000000000002E400000000000002C400000000000002C40
15	Organization 15	Address 15	0103000020110F000001000000050000000000000000002E400000000000002E4000000000000030400000000000002E40000000000000304000000000000030400000000000002E4000000000000030400000000000002E400000000000002E40
16	Organization 16	Address 16	0103000020110F000001000000050000000000000000003040000000000000304000000000000031400000000000003040000000000000314000000000000031400000000000003040000000000000314000000000000030400000000000003040
17	Organization 17	Address 17	0103000020110F000001000000050000000000000000003140000000000000314000000000000032400000000000003140000000000000324000000000000032400000000000003140000000000000324000000000000031400000000000003140
18	Organization 18	Address 18	0103000020110F000001000000050000000000000000003240000000000000324000000000000033400000000000003240000000000000334000000000000033400000000000003240000000000000334000000000000032400000000000003240
19	Organization 19	Address 19	0103000020110F000001000000050000000000000000003340000000000000334000000000000034400000000000003340000000000000344000000000000034400000000000003340000000000000344000000000000033400000000000003340
20	Organization 20	Address 20	0103000020110F000001000000050000000000000000003440000000000000344000000000000035400000000000003440000000000000354000000000000035400000000000003440000000000000354000000000000034400000000000003440
21	Organization 21	Address 21	0103000020110F000001000000050000000000000000003540000000000000354000000000000036400000000000003540000000000000364000000000000036400000000000003540000000000000364000000000000035400000000000003540
22	Organization 22	Address 22	0103000020110F000001000000050000000000000000003640000000000000364000000000000037400000000000003640000000000000374000000000000037400000000000003640000000000000374000000000000036400000000000003640
23	Organization 23	Address 23	0103000020110F000001000000050000000000000000003740000000000000374000000000000038400000000000003740000000000000384000000000000038400000000000003740000000000000384000000000000037400000000000003740
24	Organization 24	Address 24	0103000020110F000001000000050000000000000000003840000000000000384000000000000039400000000000003840000000000000394000000000000039400000000000003840000000000000394000000000000038400000000000003840
25	Organization 25	Address 25	0103000020110F00000100000005000000000000000000394000000000000039400000000000003A4000000000000039400000000000003A400000000000003A4000000000000039400000000000003A4000000000000039400000000000003940
26	Organization 26	Address 26	0103000020110F000001000000050000000000000000003A400000000000003A400000000000003B400000000000003A400000000000003B400000000000003B400000000000003A400000000000003B400000000000003A400000000000003A40
27	Organization 27	Address 27	0103000020110F000001000000050000000000000000003B400000000000003B400000000000003C400000000000003B400000000000003C400000000000003C400000000000003B400000000000003C400000000000003B400000000000003B40
28	Organization 28	Address 28	0103000020110F000001000000050000000000000000003C400000000000003C400000000000003D400000000000003C400000000000003D400000000000003D400000000000003C400000000000003D400000000000003C400000000000003C40
29	Organization 29	Address 29	0103000020110F000001000000050000000000000000003D400000000000003D400000000000003E400000000000003D400000000000003E400000000000003E400000000000003D400000000000003E400000000000003D400000000000003D40
30	Organization 30	Address 30	0103000020110F000001000000050000000000000000003E400000000000003E400000000000003F400000000000003E400000000000003F400000000000003F400000000000003E400000000000003F400000000000003E400000000000003E40
31	Organization 31	Address 31	0103000020110F000001000000050000000000000000003F400000000000003F4000000000000040400000000000003F40000000000000404000000000000040400000000000003F4000000000000040400000000000003F400000000000003F40
32	Organization 32	Address 32	0103000020110F000001000000050000000000000000004040000000000000404000000000008040400000000000004040000000000080404000000000008040400000000000004040000000000080404000000000000040400000000000004040
33	Organization 33	Address 33	0103000020110F000001000000050000000000000000804040000000000080404000000000000041400000000000804040000000000000414000000000000041400000000000804040000000000000414000000000008040400000000000804040
34	Organization 34	Address 34	0103000020110F000001000000050000000000000000004140000000000000414000000000008041400000000000004140000000000080414000000000008041400000000000004140000000000080414000000000000041400000000000004140
35	Organization 35	Address 35	0103000020110F000001000000050000000000000000804140000000000080414000000000000042400000000000804140000000000000424000000000000042400000000000804140000000000000424000000000008041400000000000804140
36	Organization 36	Address 36	0103000020110F000001000000050000000000000000004240000000000000424000000000008042400000000000004240000000000080424000000000008042400000000000004240000000000080424000000000000042400000000000004240
37	Organization 37	Address 37	0103000020110F000001000000050000000000000000804240000000000080424000000000000043400000000000804240000000000000434000000000000043400000000000804240000000000000434000000000008042400000000000804240
38	Organization 38	Address 38	0103000020110F000001000000050000000000000000004340000000000000434000000000008043400000000000004340000000000080434000000000008043400000000000004340000000000080434000000000000043400000000000004340
39	Organization 39	Address 39	0103000020110F000001000000050000000000000000804340000000000080434000000000000044400000000000804340000000000000444000000000000044400000000000804340000000000000444000000000008043400000000000804340
40	Organization 40	Address 40	0103000020110F000001000000050000000000000000004440000000000000444000000000008044400000000000004440000000000080444000000000008044400000000000004440000000000080444000000000000044400000000000004440
41	Organization 41	Address 41	0103000020110F000001000000050000000000000000804440000000000080444000000000000045400000000000804440000000000000454000000000000045400000000000804440000000000000454000000000008044400000000000804440
42	Organization 42	Address 42	0103000020110F000001000000050000000000000000004540000000000000454000000000008045400000000000004540000000000080454000000000008045400000000000004540000000000080454000000000000045400000000000004540
43	Organization 43	Address 43	0103000020110F000001000000050000000000000000804540000000000080454000000000000046400000000000804540000000000000464000000000000046400000000000804540000000000000464000000000008045400000000000804540
44	Organization 44	Address 44	0103000020110F000001000000050000000000000000004640000000000000464000000000008046400000000000004640000000000080464000000000008046400000000000004640000000000080464000000000000046400000000000004640
45	Organization 45	Address 45	0103000020110F000001000000050000000000000000804640000000000080464000000000000047400000000000804640000000000000474000000000000047400000000000804640000000000000474000000000008046400000000000804640
46	Organization 46	Address 46	0103000020110F000001000000050000000000000000004740000000000000474000000000008047400000000000004740000000000080474000000000008047400000000000004740000000000080474000000000000047400000000000004740
47	Organization 47	Address 47	0103000020110F000001000000050000000000000000804740000000000080474000000000000048400000000000804740000000000000484000000000000048400000000000804740000000000000484000000000008047400000000000804740
48	Organization 48	Address 48	0103000020110F000001000000050000000000000000004840000000000000484000000000008048400000000000004840000000000080484000000000008048400000000000004840000000000080484000000000000048400000000000004840
49	Organization 49	Address 49	0103000020110F000001000000050000000000000000804840000000000080484000000000000049400000000000804840000000000000494000000000000049400000000000804840000000000000494000000000008048400000000000804840
50	Organization 50	Address 50	0103000020110F000001000000050000000000000000004940000000000000494000000000008049400000000000004940000000000080494000000000008049400000000000004940000000000080494000000000000049400000000000004940
51	Organization 51	Address 51	0103000020110F00000100000005000000000000000080494000000000008049400000000000004A4000000000008049400000000000004A400000000000004A4000000000008049400000000000004A4000000000008049400000000000804940
52	Organization 52	Address 52	0103000020110F000001000000050000000000000000004A400000000000004A400000000000804A400000000000004A400000000000804A400000000000804A400000000000004A400000000000804A400000000000004A400000000000004A40
53	Organization 53	Address 53	0103000020110F000001000000050000000000000000804A400000000000804A400000000000004B400000000000804A400000000000004B400000000000004B400000000000804A400000000000004B400000000000804A400000000000804A40
54	Organization 54	Address 54	0103000020110F000001000000050000000000000000004B400000000000004B400000000000804B400000000000004B400000000000804B400000000000804B400000000000004B400000000000804B400000000000004B400000000000004B40
55	Organization 55	Address 55	0103000020110F000001000000050000000000000000804B400000000000804B400000000000004C400000000000804B400000000000004C400000000000004C400000000000804B400000000000004C400000000000804B400000000000804B40
56	Organization 56	Address 56	0103000020110F000001000000050000000000000000004C400000000000004C400000000000804C400000000000004C400000000000804C400000000000804C400000000000004C400000000000804C400000000000004C400000000000004C40
57	Organization 57	Address 57	0103000020110F000001000000050000000000000000804C400000000000804C400000000000004D400000000000804C400000000000004D400000000000004D400000000000804C400000000000004D400000000000804C400000000000804C40
58	Organization 58	Address 58	0103000020110F000001000000050000000000000000004D400000000000004D400000000000804D400000000000004D400000000000804D400000000000804D400000000000004D400000000000804D400000000000004D400000000000004D40
59	Organization 59	Address 59	0103000020110F000001000000050000000000000000804D400000000000804D400000000000004E400000000000804D400000000000004E400000000000004E400000000000804D400000000000004E400000000000804D400000000000804D40
60	Organization 60	Address 60	0103000020110F000001000000050000000000000000004E400000000000004E400000000000804E400000000000004E400000000000804E400000000000804E400000000000004E400000000000804E400000000000004E400000000000004E40
61	Organization 61	Address 61	0103000020110F000001000000050000000000000000804E400000000000804E400000000000004F400000000000804E400000000000004F400000000000004F400000000000804E400000000000004F400000000000804E400000000000804E40
62	Organization 62	Address 62	0103000020110F000001000000050000000000000000004F400000000000004F400000000000804F400000000000004F400000000000804F400000000000804F400000000000004F400000000000804F400000000000004F400000000000004F40
63	Organization 63	Address 63	0103000020110F000001000000050000000000000000804F400000000000804F4000000000000050400000000000804F40000000000000504000000000000050400000000000804F4000000000000050400000000000804F400000000000804F40
64	Organization 64	Address 64	0103000020110F000001000000050000000000000000005040000000000000504000000000004050400000000000005040000000000040504000000000004050400000000000005040000000000040504000000000000050400000000000005040
65	Organization 65	Address 65	0103000020110F000001000000050000000000000000405040000000000040504000000000008050400000000000405040000000000080504000000000008050400000000000405040000000000080504000000000004050400000000000405040
66	Organization 66	Address 66	0103000020110F00000100000005000000000000000080504000000000008050400000000000C0504000000000008050400000000000C050400000000000C0504000000000008050400000000000C0504000000000008050400000000000805040
67	Organization 67	Address 67	0103000020110F000001000000050000000000000000C050400000000000C0504000000000000051400000000000C05040000000000000514000000000000051400000000000C0504000000000000051400000000000C050400000000000C05040
68	Organization 68	Address 68	0103000020110F000001000000050000000000000000005140000000000000514000000000004051400000000000005140000000000040514000000000004051400000000000005140000000000040514000000000000051400000000000005140
69	Organization 69	Address 69	0103000020110F000001000000050000000000000000405140000000000040514000000000008051400000000000405140000000000080514000000000008051400000000000405140000000000080514000000000004051400000000000405140
70	Organization 70	Address 70	0103000020110F00000100000005000000000000000080514000000000008051400000000000C0514000000000008051400000000000C051400000000000C0514000000000008051400000000000C0514000000000008051400000000000805140
71	Organization 71	Address 71	0103000020110F000001000000050000000000000000C051400000000000C0514000000000000052400000000000C05140000000000000524000000000000052400000000000C0514000000000000052400000000000C051400000000000C05140
72	Organization 72	Address 72	0103000020110F000001000000050000000000000000005240000000000000524000000000004052400000000000005240000000000040524000000000004052400000000000005240000000000040524000000000000052400000000000005240
73	Organization 73	Address 73	0103000020110F000001000000050000000000000000405240000000000040524000000000008052400000000000405240000000000080524000000000008052400000000000405240000000000080524000000000004052400000000000405240
74	Organization 74	Address 74	0103000020110F00000100000005000000000000000080524000000000008052400000000000C0524000000000008052400000000000C052400000000000C0524000000000008052400000000000C0524000000000008052400000000000805240
75	Organization 75	Address 75	0103000020110F000001000000050000000000000000C052400000000000C0524000000000000053400000000000C05240000000000000534000000000000053400000000000C0524000000000000053400000000000C052400000000000C05240
76	Organization 76	Address 76	0103000020110F000001000000050000000000000000005340000000000000534000000000004053400000000000005340000000000040534000000000004053400000000000005340000000000040534000000000000053400000000000005340
77	Organization 77	Address 77	0103000020110F000001000000050000000000000000405340000000000040534000000000008053400000000000405340000000000080534000000000008053400000000000405340000000000080534000000000004053400000000000405340
78	Organization 78	Address 78	0103000020110F00000100000005000000000000000080534000000000008053400000000000C0534000000000008053400000000000C053400000000000C0534000000000008053400000000000C0534000000000008053400000000000805340
79	Organization 79	Address 79	0103000020110F000001000000050000000000000000C053400000000000C0534000000000000054400000000000C05340000000000000544000000000000054400000000000C0534000000000000054400000000000C053400000000000C05340
80	Organization 80	Address 80	0103000020110F000001000000050000000000000000005440000000000000544000000000004054400000000000005440000000000040544000000000004054400000000000005440000000000040544000000000000054400000000000005440
81	Organization 81	Address 81	0103000020110F000001000000050000000000000000405440000000000040544000000000008054400000000000405440000000000080544000000000008054400000000000405440000000000080544000000000004054400000000000405440
82	Organization 82	Address 82	0103000020110F00000100000005000000000000000080544000000000008054400000000000C0544000000000008054400000000000C054400000000000C0544000000000008054400000000000C0544000000000008054400000000000805440
83	Organization 83	Address 83	0103000020110F000001000000050000000000000000C054400000000000C0544000000000000055400000000000C05440000000000000554000000000000055400000000000C0544000000000000055400000000000C054400000000000C05440
84	Organization 84	Address 84	0103000020110F000001000000050000000000000000005540000000000000554000000000004055400000000000005540000000000040554000000000004055400000000000005540000000000040554000000000000055400000000000005540
85	Organization 85	Address 85	0103000020110F000001000000050000000000000000405540000000000040554000000000008055400000000000405540000000000080554000000000008055400000000000405540000000000080554000000000004055400000000000405540
86	Organization 86	Address 86	0103000020110F00000100000005000000000000000080554000000000008055400000000000C0554000000000008055400000000000C055400000000000C0554000000000008055400000000000C0554000000000008055400000000000805540
87	Organization 87	Address 87	0103000020110F000001000000050000000000000000C055400000000000C0554000000000000056400000000000C05540000000000000564000000000000056400000000000C0554000000000000056400000000000C055400000000000C05540
88	Organization 88	Address 88	0103000020110F000001000000050000000000000000005640000000000000564000000000004056400000000000005640000000000040564000000000004056400000000000005640000000000040564000000000000056400000000000005640
89	Organization 89	Address 89	0103000020110F000001000000050000000000000000405640000000000040564000000000008056400000000000405640000000000080564000000000008056400000000000405640000000000080564000000000004056400000000000405640
90	Organization 90	Address 90	0103000020110F00000100000005000000000000000080564000000000008056400000000000C0564000000000008056400000000000C056400000000000C0564000000000008056400000000000C0564000000000008056400000000000805640
91	Organization 91	Address 91	0103000020110F000001000000050000000000000000C056400000000000C0564000000000000057400000000000C05640000000000000574000000000000057400000000000C0564000000000000057400000000000C056400000000000C05640
92	Organization 92	Address 92	0103000020110F000001000000050000000000000000005740000000000000574000000000004057400000000000005740000000000040574000000000004057400000000000005740000000000040574000000000000057400000000000005740
93	Organization 93	Address 93	0103000020110F000001000000050000000000000000405740000000000040574000000000008057400000000000405740000000000080574000000000008057400000000000405740000000000080574000000000004057400000000000405740
94	Organization 94	Address 94	0103000020110F00000100000005000000000000000080574000000000008057400000000000C0574000000000008057400000000000C057400000000000C0574000000000008057400000000000C0574000000000008057400000000000805740
95	Organization 95	Address 95	0103000020110F000001000000050000000000000000C057400000000000C0574000000000000058400000000000C05740000000000000584000000000000058400000000000C0574000000000000058400000000000C057400000000000C05740
96	Organization 96	Address 96	0103000020110F000001000000050000000000000000005840000000000000584000000000004058400000000000005840000000000040584000000000004058400000000000005840000000000040584000000000000058400000000000005840
97	Organization 97	Address 97	0103000020110F000001000000050000000000000000405840000000000040584000000000008058400000000000405840000000000080584000000000008058400000000000405840000000000080584000000000004058400000000000405840
98	Organization 98	Address 98	0103000020110F00000100000005000000000000000080584000000000008058400000000000C0584000000000008058400000000000C058400000000000C0584000000000008058400000000000C0584000000000008058400000000000805840
99	Organization 99	Address 99	0103000020110F000001000000050000000000000000C058400000000000C0584000000000000059400000000000C05840000000000000594000000000000059400000000000C0584000000000000059400000000000C058400000000000C05840
100	Organization 100	Address 100	0103000020110F000001000000050000000000000000005940000000000000594000000000004059400000000000005940000000000040594000000000004059400000000000005940000000000040594000000000000059400000000000005940
101	Organization 101	Address 101	0103000020110F000001000000050000000000000000405940000000000040594000000000008059400000000000405940000000000080594000000000008059400000000000405940000000000080594000000000004059400000000000405940
102	Organization 102	Address 102	0103000020110F00000100000005000000000000000080594000000000008059400000000000C0594000000000008059400000000000C059400000000000C0594000000000008059400000000000C0594000000000008059400000000000805940
103	Organization 103	Address 103	0103000020110F000001000000050000000000000000C059400000000000C059400000000000005A400000000000C059400000000000005A400000000000005A400000000000C059400000000000005A400000000000C059400000000000C05940
104	Organization 104	Address 104	0103000020110F000001000000050000000000000000005A400000000000005A400000000000405A400000000000005A400000000000405A400000000000405A400000000000005A400000000000405A400000000000005A400000000000005A40
105	Organization 105	Address 105	0103000020110F000001000000050000000000000000405A400000000000405A400000000000805A400000000000405A400000000000805A400000000000805A400000000000405A400000000000805A400000000000405A400000000000405A40
106	Organization 106	Address 106	0103000020110F000001000000050000000000000000805A400000000000805A400000000000C05A400000000000805A400000000000C05A400000000000C05A400000000000805A400000000000C05A400000000000805A400000000000805A40
107	Organization 107	Address 107	0103000020110F000001000000050000000000000000C05A400000000000C05A400000000000005B400000000000C05A400000000000005B400000000000005B400000000000C05A400000000000005B400000000000C05A400000000000C05A40
108	Organization 108	Address 108	0103000020110F000001000000050000000000000000005B400000000000005B400000000000405B400000000000005B400000000000405B400000000000405B400000000000005B400000000000405B400000000000005B400000000000005B40
109	Organization 109	Address 109	0103000020110F000001000000050000000000000000405B400000000000405B400000000000805B400000000000405B400000000000805B400000000000805B400000000000405B400000000000805B400000000000405B400000000000405B40
110	Organization 110	Address 110	0103000020110F000001000000050000000000000000805B400000000000805B400000000000C05B400000000000805B400000000000C05B400000000000C05B400000000000805B400000000000C05B400000000000805B400000000000805B40
111	Organization 111	Address 111	0103000020110F000001000000050000000000000000C05B400000000000C05B400000000000005C400000000000C05B400000000000005C400000000000005C400000000000C05B400000000000005C400000000000C05B400000000000C05B40
112	Organization 112	Address 112	0103000020110F000001000000050000000000000000005C400000000000005C400000000000405C400000000000005C400000000000405C400000000000405C400000000000005C400000000000405C400000000000005C400000000000005C40
113	Organization 113	Address 113	0103000020110F000001000000050000000000000000405C400000000000405C400000000000805C400000000000405C400000000000805C400000000000805C400000000000405C400000000000805C400000000000405C400000000000405C40
114	Organization 114	Address 114	0103000020110F000001000000050000000000000000805C400000000000805C400000000000C05C400000000000805C400000000000C05C400000000000C05C400000000000805C400000000000C05C400000000000805C400000000000805C40
115	Organization 115	Address 115	0103000020110F000001000000050000000000000000C05C400000000000C05C400000000000005D400000000000C05C400000000000005D400000000000005D400000000000C05C400000000000005D400000000000C05C400000000000C05C40
116	Organization 116	Address 116	0103000020110F000001000000050000000000000000005D400000000000005D400000000000405D400000000000005D400000000000405D400000000000405D400000000000005D400000000000405D400000000000005D400000000000005D40
117	Organization 117	Address 117	0103000020110F000001000000050000000000000000405D400000000000405D400000000000805D400000000000405D400000000000805D400000000000805D400000000000405D400000000000805D400000000000405D400000000000405D40
118	Organization 118	Address 118	0103000020110F000001000000050000000000000000805D400000000000805D400000000000C05D400000000000805D400000000000C05D400000000000C05D400000000000805D400000000000C05D400000000000805D400000000000805D40
119	Organization 119	Address 119	0103000020110F000001000000050000000000000000C05D400000000000C05D400000000000005E400000000000C05D400000000000005E400000000000005E400000000000C05D400000000000005E400000000000C05D400000000000C05D40
120	Organization 120	Address 120	0103000020110F000001000000050000000000000000005E400000000000005E400000000000405E400000000000005E400000000000405E400000000000405E400000000000005E400000000000405E400000000000005E400000000000005E40
121	Organization 121	Address 121	0103000020110F000001000000050000000000000000405E400000000000405E400000000000805E400000000000405E400000000000805E400000000000805E400000000000405E400000000000805E400000000000405E400000000000405E40
122	Organization 122	Address 122	0103000020110F000001000000050000000000000000805E400000000000805E400000000000C05E400000000000805E400000000000C05E400000000000C05E400000000000805E400000000000C05E400000000000805E400000000000805E40
123	Organization 123	Address 123	0103000020110F000001000000050000000000000000C05E400000000000C05E400000000000005F400000000000C05E400000000000005F400000000000005F400000000000C05E400000000000005F400000000000C05E400000000000C05E40
124	Organization 124	Address 124	0103000020110F000001000000050000000000000000005F400000000000005F400000000000405F400000000000005F400000000000405F400000000000405F400000000000005F400000000000405F400000000000005F400000000000005F40
125	Organization 125	Address 125	0103000020110F000001000000050000000000000000405F400000000000405F400000000000805F400000000000405F400000000000805F400000000000805F400000000000405F400000000000805F400000000000405F400000000000405F40
126	Organization 126	Address 126	0103000020110F000001000000050000000000000000805F400000000000805F400000000000C05F400000000000805F400000000000C05F400000000000C05F400000000000805F400000000000C05F400000000000805F400000000000805F40
127	Organization 127	Address 127	0103000020110F000001000000050000000000000000C05F400000000000C05F4000000000000060400000000000C05F40000000000000604000000000000060400000000000C05F4000000000000060400000000000C05F400000000000C05F40
128	Organization 128	Address 128	0103000020110F000001000000050000000000000000006040000000000000604000000000002060400000000000006040000000000020604000000000002060400000000000006040000000000020604000000000000060400000000000006040
129	Organization 129	Address 129	0103000020110F000001000000050000000000000000206040000000000020604000000000004060400000000000206040000000000040604000000000004060400000000000206040000000000040604000000000002060400000000000206040
130	Organization 130	Address 130	0103000020110F000001000000050000000000000000406040000000000040604000000000006060400000000000406040000000000060604000000000006060400000000000406040000000000060604000000000004060400000000000406040
131	Organization 131	Address 131	0103000020110F000001000000050000000000000000606040000000000060604000000000008060400000000000606040000000000080604000000000008060400000000000606040000000000080604000000000006060400000000000606040
132	Organization 132	Address 132	0103000020110F00000100000005000000000000000080604000000000008060400000000000A0604000000000008060400000000000A060400000000000A0604000000000008060400000000000A0604000000000008060400000000000806040
133	Organization 133	Address 133	0103000020110F000001000000050000000000000000A060400000000000A060400000000000C060400000000000A060400000000000C060400000000000C060400000000000A060400000000000C060400000000000A060400000000000A06040
134	Organization 134	Address 134	0103000020110F000001000000050000000000000000C060400000000000C060400000000000E060400000000000C060400000000000E060400000000000E060400000000000C060400000000000E060400000000000C060400000000000C06040
135	Organization 135	Address 135	0103000020110F000001000000050000000000000000E060400000000000E0604000000000000061400000000000E06040000000000000614000000000000061400000000000E0604000000000000061400000000000E060400000000000E06040
136	Organization 136	Address 136	0103000020110F000001000000050000000000000000006140000000000000614000000000002061400000000000006140000000000020614000000000002061400000000000006140000000000020614000000000000061400000000000006140
137	Organization 137	Address 137	0103000020110F000001000000050000000000000000206140000000000020614000000000004061400000000000206140000000000040614000000000004061400000000000206140000000000040614000000000002061400000000000206140
138	Organization 138	Address 138	0103000020110F000001000000050000000000000000406140000000000040614000000000006061400000000000406140000000000060614000000000006061400000000000406140000000000060614000000000004061400000000000406140
139	Organization 139	Address 139	0103000020110F000001000000050000000000000000606140000000000060614000000000008061400000000000606140000000000080614000000000008061400000000000606140000000000080614000000000006061400000000000606140
140	Organization 140	Address 140	0103000020110F00000100000005000000000000000080614000000000008061400000000000A0614000000000008061400000000000A061400000000000A0614000000000008061400000000000A0614000000000008061400000000000806140
141	Organization 141	Address 141	0103000020110F000001000000050000000000000000A061400000000000A061400000000000C061400000000000A061400000000000C061400000000000C061400000000000A061400000000000C061400000000000A061400000000000A06140
142	Organization 142	Address 142	0103000020110F000001000000050000000000000000C061400000000000C061400000000000E061400000000000C061400000000000E061400000000000E061400000000000C061400000000000E061400000000000C061400000000000C06140
143	Organization 143	Address 143	0103000020110F000001000000050000000000000000E061400000000000E0614000000000000062400000000000E06140000000000000624000000000000062400000000000E0614000000000000062400000000000E061400000000000E06140
144	Organization 144	Address 144	0103000020110F000001000000050000000000000000006240000000000000624000000000002062400000000000006240000000000020624000000000002062400000000000006240000000000020624000000000000062400000000000006240
145	Organization 145	Address 145	0103000020110F000001000000050000000000000000206240000000000020624000000000004062400000000000206240000000000040624000000000004062400000000000206240000000000040624000000000002062400000000000206240
146	Organization 146	Address 146	0103000020110F000001000000050000000000000000406240000000000040624000000000006062400000000000406240000000000060624000000000006062400000000000406240000000000060624000000000004062400000000000406240
147	Organization 147	Address 147	0103000020110F000001000000050000000000000000606240000000000060624000000000008062400000000000606240000000000080624000000000008062400000000000606240000000000080624000000000006062400000000000606240
148	Organization 148	Address 148	0103000020110F00000100000005000000000000000080624000000000008062400000000000A0624000000000008062400000000000A062400000000000A0624000000000008062400000000000A0624000000000008062400000000000806240
149	Organization 149	Address 149	0103000020110F000001000000050000000000000000A062400000000000A062400000000000C062400000000000A062400000000000C062400000000000C062400000000000A062400000000000C062400000000000A062400000000000A06240
150	Organization 150	Address 150	0103000020110F000001000000050000000000000000C062400000000000C062400000000000E062400000000000C062400000000000E062400000000000E062400000000000C062400000000000E062400000000000C062400000000000C06240
151	Organization 151	Address 151	0103000020110F000001000000050000000000000000E062400000000000E0624000000000000063400000000000E06240000000000000634000000000000063400000000000E0624000000000000063400000000000E062400000000000E06240
152	Organization 152	Address 152	0103000020110F000001000000050000000000000000006340000000000000634000000000002063400000000000006340000000000020634000000000002063400000000000006340000000000020634000000000000063400000000000006340
153	Organization 153	Address 153	0103000020110F000001000000050000000000000000206340000000000020634000000000004063400000000000206340000000000040634000000000004063400000000000206340000000000040634000000000002063400000000000206340
154	Organization 154	Address 154	0103000020110F000001000000050000000000000000406340000000000040634000000000006063400000000000406340000000000060634000000000006063400000000000406340000000000060634000000000004063400000000000406340
155	Organization 155	Address 155	0103000020110F000001000000050000000000000000606340000000000060634000000000008063400000000000606340000000000080634000000000008063400000000000606340000000000080634000000000006063400000000000606340
156	Organization 156	Address 156	0103000020110F00000100000005000000000000000080634000000000008063400000000000A0634000000000008063400000000000A063400000000000A0634000000000008063400000000000A0634000000000008063400000000000806340
157	Organization 157	Address 157	0103000020110F000001000000050000000000000000A063400000000000A063400000000000C063400000000000A063400000000000C063400000000000C063400000000000A063400000000000C063400000000000A063400000000000A06340
158	Organization 158	Address 158	0103000020110F000001000000050000000000000000C063400000000000C063400000000000E063400000000000C063400000000000E063400000000000E063400000000000C063400000000000E063400000000000C063400000000000C06340
159	Organization 159	Address 159	0103000020110F000001000000050000000000000000E063400000000000E0634000000000000064400000000000E06340000000000000644000000000000064400000000000E0634000000000000064400000000000E063400000000000E06340
160	Organization 160	Address 160	0103000020110F000001000000050000000000000000006440000000000000644000000000002064400000000000006440000000000020644000000000002064400000000000006440000000000020644000000000000064400000000000006440
161	Organization 161	Address 161	0103000020110F000001000000050000000000000000206440000000000020644000000000004064400000000000206440000000000040644000000000004064400000000000206440000000000040644000000000002064400000000000206440
162	Organization 162	Address 162	0103000020110F000001000000050000000000000000406440000000000040644000000000006064400000000000406440000000000060644000000000006064400000000000406440000000000060644000000000004064400000000000406440
163	Organization 163	Address 163	0103000020110F000001000000050000000000000000606440000000000060644000000000008064400000000000606440000000000080644000000000008064400000000000606440000000000080644000000000006064400000000000606440
164	Organization 164	Address 164	0103000020110F00000100000005000000000000000080644000000000008064400000000000A0644000000000008064400000000000A064400000000000A0644000000000008064400000000000A0644000000000008064400000000000806440
165	Organization 165	Address 165	0103000020110F000001000000050000000000000000A064400000000000A064400000000000C064400000000000A064400000000000C064400000000000C064400000000000A064400000000000C064400000000000A064400000000000A06440
166	Organization 166	Address 166	0103000020110F000001000000050000000000000000C064400000000000C064400000000000E064400000000000C064400000000000E064400000000000E064400000000000C064400000000000E064400000000000C064400000000000C06440
167	Organization 167	Address 167	0103000020110F000001000000050000000000000000E064400000000000E0644000000000000065400000000000E06440000000000000654000000000000065400000000000E0644000000000000065400000000000E064400000000000E06440
168	Organization 168	Address 168	0103000020110F000001000000050000000000000000006540000000000000654000000000002065400000000000006540000000000020654000000000002065400000000000006540000000000020654000000000000065400000000000006540
169	Organization 169	Address 169	0103000020110F000001000000050000000000000000206540000000000020654000000000004065400000000000206540000000000040654000000000004065400000000000206540000000000040654000000000002065400000000000206540
170	Organization 170	Address 170	0103000020110F000001000000050000000000000000406540000000000040654000000000006065400000000000406540000000000060654000000000006065400000000000406540000000000060654000000000004065400000000000406540
171	Organization 171	Address 171	0103000020110F000001000000050000000000000000606540000000000060654000000000008065400000000000606540000000000080654000000000008065400000000000606540000000000080654000000000006065400000000000606540
172	Organization 172	Address 172	0103000020110F00000100000005000000000000000080654000000000008065400000000000A0654000000000008065400000000000A065400000000000A0654000000000008065400000000000A0654000000000008065400000000000806540
173	Organization 173	Address 173	0103000020110F000001000000050000000000000000A065400000000000A065400000000000C065400000000000A065400000000000C065400000000000C065400000000000A065400000000000C065400000000000A065400000000000A06540
174	Organization 174	Address 174	0103000020110F000001000000050000000000000000C065400000000000C065400000000000E065400000000000C065400000000000E065400000000000E065400000000000C065400000000000E065400000000000C065400000000000C06540
175	Organization 175	Address 175	0103000020110F000001000000050000000000000000E065400000000000E0654000000000000066400000000000E06540000000000000664000000000000066400000000000E0654000000000000066400000000000E065400000000000E06540
176	Organization 176	Address 176	0103000020110F000001000000050000000000000000006640000000000000664000000000002066400000000000006640000000000020664000000000002066400000000000006640000000000020664000000000000066400000000000006640
177	Organization 177	Address 177	0103000020110F000001000000050000000000000000206640000000000020664000000000004066400000000000206640000000000040664000000000004066400000000000206640000000000040664000000000002066400000000000206640
178	Organization 178	Address 178	0103000020110F000001000000050000000000000000406640000000000040664000000000006066400000000000406640000000000060664000000000006066400000000000406640000000000060664000000000004066400000000000406640
179	Organization 179	Address 179	0103000020110F000001000000050000000000000000606640000000000060664000000000008066400000000000606640000000000080664000000000008066400000000000606640000000000080664000000000006066400000000000606640
180	Organization 180	Address 180	0103000020110F00000100000005000000000000000080664000000000008066400000000000A0664000000000008066400000000000A066400000000000A0664000000000008066400000000000A0664000000000008066400000000000806640
181	Organization 181	Address 181	0103000020110F000001000000050000000000000000A066400000000000A066400000000000C066400000000000A066400000000000C066400000000000C066400000000000A066400000000000C066400000000000A066400000000000A06640
182	Organization 182	Address 182	0103000020110F000001000000050000000000000000C066400000000000C066400000000000E066400000000000C066400000000000E066400000000000E066400000000000C066400000000000E066400000000000C066400000000000C06640
183	Organization 183	Address 183	0103000020110F000001000000050000000000000000E066400000000000E0664000000000000067400000000000E06640000000000000674000000000000067400000000000E0664000000000000067400000000000E066400000000000E06640
184	Organization 184	Address 184	0103000020110F000001000000050000000000000000006740000000000000674000000000002067400000000000006740000000000020674000000000002067400000000000006740000000000020674000000000000067400000000000006740
185	Organization 185	Address 185	0103000020110F000001000000050000000000000000206740000000000020674000000000004067400000000000206740000000000040674000000000004067400000000000206740000000000040674000000000002067400000000000206740
186	Organization 186	Address 186	0103000020110F000001000000050000000000000000406740000000000040674000000000006067400000000000406740000000000060674000000000006067400000000000406740000000000060674000000000004067400000000000406740
187	Organization 187	Address 187	0103000020110F000001000000050000000000000000606740000000000060674000000000008067400000000000606740000000000080674000000000008067400000000000606740000000000080674000000000006067400000000000606740
188	Organization 188	Address 188	0103000020110F00000100000005000000000000000080674000000000008067400000000000A0674000000000008067400000000000A067400000000000A0674000000000008067400000000000A0674000000000008067400000000000806740
189	Organization 189	Address 189	0103000020110F000001000000050000000000000000A067400000000000A067400000000000C067400000000000A067400000000000C067400000000000C067400000000000A067400000000000C067400000000000A067400000000000A06740
190	Organization 190	Address 190	0103000020110F000001000000050000000000000000C067400000000000C067400000000000E067400000000000C067400000000000E067400000000000E067400000000000C067400000000000E067400000000000C067400000000000C06740
191	Organization 191	Address 191	0103000020110F000001000000050000000000000000E067400000000000E0674000000000000068400000000000E06740000000000000684000000000000068400000000000E0674000000000000068400000000000E067400000000000E06740
192	Organization 192	Address 192	0103000020110F000001000000050000000000000000006840000000000000684000000000002068400000000000006840000000000020684000000000002068400000000000006840000000000020684000000000000068400000000000006840
193	Organization 193	Address 193	0103000020110F000001000000050000000000000000206840000000000020684000000000004068400000000000206840000000000040684000000000004068400000000000206840000000000040684000000000002068400000000000206840
194	Organization 194	Address 194	0103000020110F000001000000050000000000000000406840000000000040684000000000006068400000000000406840000000000060684000000000006068400000000000406840000000000060684000000000004068400000000000406840
195	Organization 195	Address 195	0103000020110F000001000000050000000000000000606840000000000060684000000000008068400000000000606840000000000080684000000000008068400000000000606840000000000080684000000000006068400000000000606840
196	Organization 196	Address 196	0103000020110F00000100000005000000000000000080684000000000008068400000000000A0684000000000008068400000000000A068400000000000A0684000000000008068400000000000A0684000000000008068400000000000806840
197	Organization 197	Address 197	0103000020110F000001000000050000000000000000A068400000000000A068400000000000C068400000000000A068400000000000C068400000000000C068400000000000A068400000000000C068400000000000A068400000000000A06840
198	Organization 198	Address 198	0103000020110F000001000000050000000000000000C068400000000000C068400000000000E068400000000000C068400000000000E068400000000000E068400000000000C068400000000000E068400000000000C068400000000000C06840
199	Organization 199	Address 199	0103000020110F000001000000050000000000000000E068400000000000E0684000000000000069400000000000E06840000000000000694000000000000069400000000000E0684000000000000069400000000000E068400000000000E06840
200	Organization 200	Address 200	0103000020110F000001000000050000000000000000006940000000000000694000000000002069400000000000006940000000000020694000000000002069400000000000006940000000000020694000000000000069400000000000006940
201	Organization 201	Address 201	0103000020110F000001000000050000000000000000206940000000000020694000000000004069400000000000206940000000000040694000000000004069400000000000206940000000000040694000000000002069400000000000206940
202	Organization 202	Address 202	0103000020110F000001000000050000000000000000406940000000000040694000000000006069400000000000406940000000000060694000000000006069400000000000406940000000000060694000000000004069400000000000406940
203	Organization 203	Address 203	0103000020110F000001000000050000000000000000606940000000000060694000000000008069400000000000606940000000000080694000000000008069400000000000606940000000000080694000000000006069400000000000606940
204	Organization 204	Address 204	0103000020110F00000100000005000000000000000080694000000000008069400000000000A0694000000000008069400000000000A069400000000000A0694000000000008069400000000000A0694000000000008069400000000000806940
205	Organization 205	Address 205	0103000020110F000001000000050000000000000000A069400000000000A069400000000000C069400000000000A069400000000000C069400000000000C069400000000000A069400000000000C069400000000000A069400000000000A06940
206	Organization 206	Address 206	0103000020110F000001000000050000000000000000C069400000000000C069400000000000E069400000000000C069400000000000E069400000000000E069400000000000C069400000000000E069400000000000C069400000000000C06940
207	Organization 207	Address 207	0103000020110F000001000000050000000000000000E069400000000000E069400000000000006A400000000000E069400000000000006A400000000000006A400000000000E069400000000000006A400000000000E069400000000000E06940
208	Organization 208	Address 208	0103000020110F000001000000050000000000000000006A400000000000006A400000000000206A400000000000006A400000000000206A400000000000206A400000000000006A400000000000206A400000000000006A400000000000006A40
209	Organization 209	Address 209	0103000020110F000001000000050000000000000000206A400000000000206A400000000000406A400000000000206A400000000000406A400000000000406A400000000000206A400000000000406A400000000000206A400000000000206A40
210	Organization 210	Address 210	0103000020110F000001000000050000000000000000406A400000000000406A400000000000606A400000000000406A400000000000606A400000000000606A400000000000406A400000000000606A400000000000406A400000000000406A40
211	Organization 211	Address 211	0103000020110F000001000000050000000000000000606A400000000000606A400000000000806A400000000000606A400000000000806A400000000000806A400000000000606A400000000000806A400000000000606A400000000000606A40
212	Organization 212	Address 212	0103000020110F000001000000050000000000000000806A400000000000806A400000000000A06A400000000000806A400000000000A06A400000000000A06A400000000000806A400000000000A06A400000000000806A400000000000806A40
213	Organization 213	Address 213	0103000020110F000001000000050000000000000000A06A400000000000A06A400000000000C06A400000000000A06A400000000000C06A400000000000C06A400000000000A06A400000000000C06A400000000000A06A400000000000A06A40
214	Organization 214	Address 214	0103000020110F000001000000050000000000000000C06A400000000000C06A400000000000E06A400000000000C06A400000000000E06A400000000000E06A400000000000C06A400000000000E06A400000000000C06A400000000000C06A40
215	Organization 215	Address 215	0103000020110F000001000000050000000000000000E06A400000000000E06A400000000000006B400000000000E06A400000000000006B400000000000006B400000000000E06A400000000000006B400000000000E06A400000000000E06A40
216	Organization 216	Address 216	0103000020110F000001000000050000000000000000006B400000000000006B400000000000206B400000000000006B400000000000206B400000000000206B400000000000006B400000000000206B400000000000006B400000000000006B40
217	Organization 217	Address 217	0103000020110F000001000000050000000000000000206B400000000000206B400000000000406B400000000000206B400000000000406B400000000000406B400000000000206B400000000000406B400000000000206B400000000000206B40
218	Organization 218	Address 218	0103000020110F000001000000050000000000000000406B400000000000406B400000000000606B400000000000406B400000000000606B400000000000606B400000000000406B400000000000606B400000000000406B400000000000406B40
219	Organization 219	Address 219	0103000020110F000001000000050000000000000000606B400000000000606B400000000000806B400000000000606B400000000000806B400000000000806B400000000000606B400000000000806B400000000000606B400000000000606B40
220	Organization 220	Address 220	0103000020110F000001000000050000000000000000806B400000000000806B400000000000A06B400000000000806B400000000000A06B400000000000A06B400000000000806B400000000000A06B400000000000806B400000000000806B40
221	Organization 221	Address 221	0103000020110F000001000000050000000000000000A06B400000000000A06B400000000000C06B400000000000A06B400000000000C06B400000000000C06B400000000000A06B400000000000C06B400000000000A06B400000000000A06B40
222	Organization 222	Address 222	0103000020110F000001000000050000000000000000C06B400000000000C06B400000000000E06B400000000000C06B400000000000E06B400000000000E06B400000000000C06B400000000000E06B400000000000C06B400000000000C06B40
223	Organization 223	Address 223	0103000020110F000001000000050000000000000000E06B400000000000E06B400000000000006C400000000000E06B400000000000006C400000000000006C400000000000E06B400000000000006C400000000000E06B400000000000E06B40
224	Organization 224	Address 224	0103000020110F000001000000050000000000000000006C400000000000006C400000000000206C400000000000006C400000000000206C400000000000206C400000000000006C400000000000206C400000000000006C400000000000006C40
225	Organization 225	Address 225	0103000020110F000001000000050000000000000000206C400000000000206C400000000000406C400000000000206C400000000000406C400000000000406C400000000000206C400000000000406C400000000000206C400000000000206C40
226	Organization 226	Address 226	0103000020110F000001000000050000000000000000406C400000000000406C400000000000606C400000000000406C400000000000606C400000000000606C400000000000406C400000000000606C400000000000406C400000000000406C40
227	Organization 227	Address 227	0103000020110F000001000000050000000000000000606C400000000000606C400000000000806C400000000000606C400000000000806C400000000000806C400000000000606C400000000000806C400000000000606C400000000000606C40
228	Organization 228	Address 228	0103000020110F000001000000050000000000000000806C400000000000806C400000000000A06C400000000000806C400000000000A06C400000000000A06C400000000000806C400000000000A06C400000000000806C400000000000806C40
229	Organization 229	Address 229	0103000020110F000001000000050000000000000000A06C400000000000A06C400000000000C06C400000000000A06C400000000000C06C400000000000C06C400000000000A06C400000000000C06C400000000000A06C400000000000A06C40
230	Organization 230	Address 230	0103000020110F000001000000050000000000000000C06C400000000000C06C400000000000E06C400000000000C06C400000000000E06C400000000000E06C400000000000C06C400000000000E06C400000000000C06C400000000000C06C40
231	Organization 231	Address 231	0103000020110F000001000000050000000000000000E06C400000000000E06C400000000000006D400000000000E06C400000000000006D400000000000006D400000000000E06C400000000000006D400000000000E06C400000000000E06C40
232	Organization 232	Address 232	0103000020110F000001000000050000000000000000006D400000000000006D400000000000206D400000000000006D400000000000206D400000000000206D400000000000006D400000000000206D400000000000006D400000000000006D40
233	Organization 233	Address 233	0103000020110F000001000000050000000000000000206D400000000000206D400000000000406D400000000000206D400000000000406D400000000000406D400000000000206D400000000000406D400000000000206D400000000000206D40
234	Organization 234	Address 234	0103000020110F000001000000050000000000000000406D400000000000406D400000000000606D400000000000406D400000000000606D400000000000606D400000000000406D400000000000606D400000000000406D400000000000406D40
235	Organization 235	Address 235	0103000020110F000001000000050000000000000000606D400000000000606D400000000000806D400000000000606D400000000000806D400000000000806D400000000000606D400000000000806D400000000000606D400000000000606D40
236	Organization 236	Address 236	0103000020110F000001000000050000000000000000806D400000000000806D400000000000A06D400000000000806D400000000000A06D400000000000A06D400000000000806D400000000000A06D400000000000806D400000000000806D40
237	Organization 237	Address 237	0103000020110F000001000000050000000000000000A06D400000000000A06D400000000000C06D400000000000A06D400000000000C06D400000000000C06D400000000000A06D400000000000C06D400000000000A06D400000000000A06D40
238	Organization 238	Address 238	0103000020110F000001000000050000000000000000C06D400000000000C06D400000000000E06D400000000000C06D400000000000E06D400000000000E06D400000000000C06D400000000000E06D400000000000C06D400000000000C06D40
239	Organization 239	Address 239	0103000020110F000001000000050000000000000000E06D400000000000E06D400000000000006E400000000000E06D400000000000006E400000000000006E400000000000E06D400000000000006E400000000000E06D400000000000E06D40
240	Organization 240	Address 240	0103000020110F000001000000050000000000000000006E400000000000006E400000000000206E400000000000006E400000000000206E400000000000206E400000000000006E400000000000206E400000000000006E400000000000006E40
241	Organization 241	Address 241	0103000020110F000001000000050000000000000000206E400000000000206E400000000000406E400000000000206E400000000000406E400000000000406E400000000000206E400000000000406E400000000000206E400000000000206E40
242	Organization 242	Address 242	0103000020110F000001000000050000000000000000406E400000000000406E400000000000606E400000000000406E400000000000606E400000000000606E400000000000406E400000000000606E400000000000406E400000000000406E40
243	Organization 243	Address 243	0103000020110F000001000000050000000000000000606E400000000000606E400000000000806E400000000000606E400000000000806E400000000000806E400000000000606E400000000000806E400000000000606E400000000000606E40
244	Organization 244	Address 244	0103000020110F000001000000050000000000000000806E400000000000806E400000000000A06E400000000000806E400000000000A06E400000000000A06E400000000000806E400000000000A06E400000000000806E400000000000806E40
245	Organization 245	Address 245	0103000020110F000001000000050000000000000000A06E400000000000A06E400000000000C06E400000000000A06E400000000000C06E400000000000C06E400000000000A06E400000000000C06E400000000000A06E400000000000A06E40
246	Organization 246	Address 246	0103000020110F000001000000050000000000000000C06E400000000000C06E400000000000E06E400000000000C06E400000000000E06E400000000000E06E400000000000C06E400000000000E06E400000000000C06E400000000000C06E40
247	Organization 247	Address 247	0103000020110F000001000000050000000000000000E06E400000000000E06E400000000000006F400000000000E06E400000000000006F400000000000006F400000000000E06E400000000000006F400000000000E06E400000000000E06E40
248	Organization 248	Address 248	0103000020110F000001000000050000000000000000006F400000000000006F400000000000206F400000000000006F400000000000206F400000000000206F400000000000006F400000000000206F400000000000006F400000000000006F40
249	Organization 249	Address 249	0103000020110F000001000000050000000000000000206F400000000000206F400000000000406F400000000000206F400000000000406F400000000000406F400000000000206F400000000000406F400000000000206F400000000000206F40
250	Organization 250	Address 250	0103000020110F000001000000050000000000000000406F400000000000406F400000000000606F400000000000406F400000000000606F400000000000606F400000000000406F400000000000606F400000000000406F400000000000406F40
251	Organization 251	Address 251	0103000020110F000001000000050000000000000000606F400000000000606F400000000000806F400000000000606F400000000000806F400000000000806F400000000000606F400000000000806F400000000000606F400000000000606F40
252	Organization 252	Address 252	0103000020110F000001000000050000000000000000806F400000000000806F400000000000A06F400000000000806F400000000000A06F400000000000A06F400000000000806F400000000000A06F400000000000806F400000000000806F40
253	Organization 253	Address 253	0103000020110F000001000000050000000000000000A06F400000000000A06F400000000000C06F400000000000A06F400000000000C06F400000000000C06F400000000000A06F400000000000C06F400000000000A06F400000000000A06F40
254	Organization 254	Address 254	0103000020110F000001000000050000000000000000C06F400000000000C06F400000000000E06F400000000000C06F400000000000E06F400000000000E06F400000000000C06F400000000000E06F400000000000C06F400000000000C06F40
255	Organization 255	Address 255	0103000020110F000001000000050000000000000000E06F400000000000E06F4000000000000070400000000000E06F40000000000000704000000000000070400000000000E06F4000000000000070400000000000E06F400000000000E06F40
256	Organization 256	Address 256	0103000020110F000001000000050000000000000000007040000000000000704000000000001070400000000000007040000000000010704000000000001070400000000000007040000000000010704000000000000070400000000000007040
257	Organization 257	Address 257	0103000020110F000001000000050000000000000000107040000000000010704000000000002070400000000000107040000000000020704000000000002070400000000000107040000000000020704000000000001070400000000000107040
258	Organization 258	Address 258	0103000020110F000001000000050000000000000000207040000000000020704000000000003070400000000000207040000000000030704000000000003070400000000000207040000000000030704000000000002070400000000000207040
259	Organization 259	Address 259	0103000020110F000001000000050000000000000000307040000000000030704000000000004070400000000000307040000000000040704000000000004070400000000000307040000000000040704000000000003070400000000000307040
260	Organization 260	Address 260	0103000020110F000001000000050000000000000000407040000000000040704000000000005070400000000000407040000000000050704000000000005070400000000000407040000000000050704000000000004070400000000000407040
261	Organization 261	Address 261	0103000020110F000001000000050000000000000000507040000000000050704000000000006070400000000000507040000000000060704000000000006070400000000000507040000000000060704000000000005070400000000000507040
262	Organization 262	Address 262	0103000020110F000001000000050000000000000000607040000000000060704000000000007070400000000000607040000000000070704000000000007070400000000000607040000000000070704000000000006070400000000000607040
263	Organization 263	Address 263	0103000020110F000001000000050000000000000000707040000000000070704000000000008070400000000000707040000000000080704000000000008070400000000000707040000000000080704000000000007070400000000000707040
264	Organization 264	Address 264	0103000020110F000001000000050000000000000000807040000000000080704000000000009070400000000000807040000000000090704000000000009070400000000000807040000000000090704000000000008070400000000000807040
265	Organization 265	Address 265	0103000020110F00000100000005000000000000000090704000000000009070400000000000A0704000000000009070400000000000A070400000000000A0704000000000009070400000000000A0704000000000009070400000000000907040
266	Organization 266	Address 266	0103000020110F000001000000050000000000000000A070400000000000A070400000000000B070400000000000A070400000000000B070400000000000B070400000000000A070400000000000B070400000000000A070400000000000A07040
267	Organization 267	Address 267	0103000020110F000001000000050000000000000000B070400000000000B070400000000000C070400000000000B070400000000000C070400000000000C070400000000000B070400000000000C070400000000000B070400000000000B07040
268	Organization 268	Address 268	0103000020110F000001000000050000000000000000C070400000000000C070400000000000D070400000000000C070400000000000D070400000000000D070400000000000C070400000000000D070400000000000C070400000000000C07040
269	Organization 269	Address 269	0103000020110F000001000000050000000000000000D070400000000000D070400000000000E070400000000000D070400000000000E070400000000000E070400000000000D070400000000000E070400000000000D070400000000000D07040
270	Organization 270	Address 270	0103000020110F000001000000050000000000000000E070400000000000E070400000000000F070400000000000E070400000000000F070400000000000F070400000000000E070400000000000F070400000000000E070400000000000E07040
271	Organization 271	Address 271	0103000020110F000001000000050000000000000000F070400000000000F0704000000000000071400000000000F07040000000000000714000000000000071400000000000F0704000000000000071400000000000F070400000000000F07040
272	Organization 272	Address 272	0103000020110F000001000000050000000000000000007140000000000000714000000000001071400000000000007140000000000010714000000000001071400000000000007140000000000010714000000000000071400000000000007140
273	Organization 273	Address 273	0103000020110F000001000000050000000000000000107140000000000010714000000000002071400000000000107140000000000020714000000000002071400000000000107140000000000020714000000000001071400000000000107140
274	Organization 274	Address 274	0103000020110F000001000000050000000000000000207140000000000020714000000000003071400000000000207140000000000030714000000000003071400000000000207140000000000030714000000000002071400000000000207140
275	Organization 275	Address 275	0103000020110F000001000000050000000000000000307140000000000030714000000000004071400000000000307140000000000040714000000000004071400000000000307140000000000040714000000000003071400000000000307140
276	Organization 276	Address 276	0103000020110F000001000000050000000000000000407140000000000040714000000000005071400000000000407140000000000050714000000000005071400000000000407140000000000050714000000000004071400000000000407140
277	Organization 277	Address 277	0103000020110F000001000000050000000000000000507140000000000050714000000000006071400000000000507140000000000060714000000000006071400000000000507140000000000060714000000000005071400000000000507140
278	Organization 278	Address 278	0103000020110F000001000000050000000000000000607140000000000060714000000000007071400000000000607140000000000070714000000000007071400000000000607140000000000070714000000000006071400000000000607140
279	Organization 279	Address 279	0103000020110F000001000000050000000000000000707140000000000070714000000000008071400000000000707140000000000080714000000000008071400000000000707140000000000080714000000000007071400000000000707140
280	Organization 280	Address 280	0103000020110F000001000000050000000000000000807140000000000080714000000000009071400000000000807140000000000090714000000000009071400000000000807140000000000090714000000000008071400000000000807140
281	Organization 281	Address 281	0103000020110F00000100000005000000000000000090714000000000009071400000000000A0714000000000009071400000000000A071400000000000A0714000000000009071400000000000A0714000000000009071400000000000907140
282	Organization 282	Address 282	0103000020110F000001000000050000000000000000A071400000000000A071400000000000B071400000000000A071400000000000B071400000000000B071400000000000A071400000000000B071400000000000A071400000000000A07140
283	Organization 283	Address 283	0103000020110F000001000000050000000000000000B071400000000000B071400000000000C071400000000000B071400000000000C071400000000000C071400000000000B071400000000000C071400000000000B071400000000000B07140
284	Organization 284	Address 284	0103000020110F000001000000050000000000000000C071400000000000C071400000000000D071400000000000C071400000000000D071400000000000D071400000000000C071400000000000D071400000000000C071400000000000C07140
285	Organization 285	Address 285	0103000020110F000001000000050000000000000000D071400000000000D071400000000000E071400000000000D071400000000000E071400000000000E071400000000000D071400000000000E071400000000000D071400000000000D07140
286	Organization 286	Address 286	0103000020110F000001000000050000000000000000E071400000000000E071400000000000F071400000000000E071400000000000F071400000000000F071400000000000E071400000000000F071400000000000E071400000000000E07140
287	Organization 287	Address 287	0103000020110F000001000000050000000000000000F071400000000000F0714000000000000072400000000000F07140000000000000724000000000000072400000000000F0714000000000000072400000000000F071400000000000F07140
288	Organization 288	Address 288	0103000020110F000001000000050000000000000000007240000000000000724000000000001072400000000000007240000000000010724000000000001072400000000000007240000000000010724000000000000072400000000000007240
289	Organization 289	Address 289	0103000020110F000001000000050000000000000000107240000000000010724000000000002072400000000000107240000000000020724000000000002072400000000000107240000000000020724000000000001072400000000000107240
290	Organization 290	Address 290	0103000020110F000001000000050000000000000000207240000000000020724000000000003072400000000000207240000000000030724000000000003072400000000000207240000000000030724000000000002072400000000000207240
291	Organization 291	Address 291	0103000020110F000001000000050000000000000000307240000000000030724000000000004072400000000000307240000000000040724000000000004072400000000000307240000000000040724000000000003072400000000000307240
292	Organization 292	Address 292	0103000020110F000001000000050000000000000000407240000000000040724000000000005072400000000000407240000000000050724000000000005072400000000000407240000000000050724000000000004072400000000000407240
293	Organization 293	Address 293	0103000020110F000001000000050000000000000000507240000000000050724000000000006072400000000000507240000000000060724000000000006072400000000000507240000000000060724000000000005072400000000000507240
294	Organization 294	Address 294	0103000020110F000001000000050000000000000000607240000000000060724000000000007072400000000000607240000000000070724000000000007072400000000000607240000000000070724000000000006072400000000000607240
295	Organization 295	Address 295	0103000020110F000001000000050000000000000000707240000000000070724000000000008072400000000000707240000000000080724000000000008072400000000000707240000000000080724000000000007072400000000000707240
296	Organization 296	Address 296	0103000020110F000001000000050000000000000000807240000000000080724000000000009072400000000000807240000000000090724000000000009072400000000000807240000000000090724000000000008072400000000000807240
297	Organization 297	Address 297	0103000020110F00000100000005000000000000000090724000000000009072400000000000A0724000000000009072400000000000A072400000000000A0724000000000009072400000000000A0724000000000009072400000000000907240
298	Organization 298	Address 298	0103000020110F000001000000050000000000000000A072400000000000A072400000000000B072400000000000A072400000000000B072400000000000B072400000000000A072400000000000B072400000000000A072400000000000A07240
299	Organization 299	Address 299	0103000020110F000001000000050000000000000000B072400000000000B072400000000000C072400000000000B072400000000000C072400000000000C072400000000000B072400000000000C072400000000000B072400000000000B07240
300	Organization 300	Address 300	0103000020110F000001000000050000000000000000C072400000000000C072400000000000D072400000000000C072400000000000D072400000000000D072400000000000C072400000000000D072400000000000C072400000000000C07240
301	Organization 301	Address 301	0103000020110F000001000000050000000000000000D072400000000000D072400000000000E072400000000000D072400000000000E072400000000000E072400000000000D072400000000000E072400000000000D072400000000000D07240
302	Organization 302	Address 302	0103000020110F000001000000050000000000000000E072400000000000E072400000000000F072400000000000E072400000000000F072400000000000F072400000000000E072400000000000F072400000000000E072400000000000E07240
303	Organization 303	Address 303	0103000020110F000001000000050000000000000000F072400000000000F0724000000000000073400000000000F07240000000000000734000000000000073400000000000F0724000000000000073400000000000F072400000000000F07240
304	Organization 304	Address 304	0103000020110F000001000000050000000000000000007340000000000000734000000000001073400000000000007340000000000010734000000000001073400000000000007340000000000010734000000000000073400000000000007340
305	Organization 305	Address 305	0103000020110F000001000000050000000000000000107340000000000010734000000000002073400000000000107340000000000020734000000000002073400000000000107340000000000020734000000000001073400000000000107340
306	Organization 306	Address 306	0103000020110F000001000000050000000000000000207340000000000020734000000000003073400000000000207340000000000030734000000000003073400000000000207340000000000030734000000000002073400000000000207340
307	Organization 307	Address 307	0103000020110F000001000000050000000000000000307340000000000030734000000000004073400000000000307340000000000040734000000000004073400000000000307340000000000040734000000000003073400000000000307340
308	Organization 308	Address 308	0103000020110F000001000000050000000000000000407340000000000040734000000000005073400000000000407340000000000050734000000000005073400000000000407340000000000050734000000000004073400000000000407340
309	Organization 309	Address 309	0103000020110F000001000000050000000000000000507340000000000050734000000000006073400000000000507340000000000060734000000000006073400000000000507340000000000060734000000000005073400000000000507340
310	Organization 310	Address 310	0103000020110F000001000000050000000000000000607340000000000060734000000000007073400000000000607340000000000070734000000000007073400000000000607340000000000070734000000000006073400000000000607340
311	Organization 311	Address 311	0103000020110F000001000000050000000000000000707340000000000070734000000000008073400000000000707340000000000080734000000000008073400000000000707340000000000080734000000000007073400000000000707340
312	Organization 312	Address 312	0103000020110F000001000000050000000000000000807340000000000080734000000000009073400000000000807340000000000090734000000000009073400000000000807340000000000090734000000000008073400000000000807340
313	Organization 313	Address 313	0103000020110F00000100000005000000000000000090734000000000009073400000000000A0734000000000009073400000000000A073400000000000A0734000000000009073400000000000A0734000000000009073400000000000907340
314	Organization 314	Address 314	0103000020110F000001000000050000000000000000A073400000000000A073400000000000B073400000000000A073400000000000B073400000000000B073400000000000A073400000000000B073400000000000A073400000000000A07340
315	Organization 315	Address 315	0103000020110F000001000000050000000000000000B073400000000000B073400000000000C073400000000000B073400000000000C073400000000000C073400000000000B073400000000000C073400000000000B073400000000000B07340
316	Organization 316	Address 316	0103000020110F000001000000050000000000000000C073400000000000C073400000000000D073400000000000C073400000000000D073400000000000D073400000000000C073400000000000D073400000000000C073400000000000C07340
317	Organization 317	Address 317	0103000020110F000001000000050000000000000000D073400000000000D073400000000000E073400000000000D073400000000000E073400000000000E073400000000000D073400000000000E073400000000000D073400000000000D07340
318	Organization 318	Address 318	0103000020110F000001000000050000000000000000E073400000000000E073400000000000F073400000000000E073400000000000F073400000000000F073400000000000E073400000000000F073400000000000E073400000000000E07340
319	Organization 319	Address 319	0103000020110F000001000000050000000000000000F073400000000000F0734000000000000074400000000000F07340000000000000744000000000000074400000000000F0734000000000000074400000000000F073400000000000F07340
320	Organization 320	Address 320	0103000020110F000001000000050000000000000000007440000000000000744000000000001074400000000000007440000000000010744000000000001074400000000000007440000000000010744000000000000074400000000000007440
321	Organization 321	Address 321	0103000020110F000001000000050000000000000000107440000000000010744000000000002074400000000000107440000000000020744000000000002074400000000000107440000000000020744000000000001074400000000000107440
322	Organization 322	Address 322	0103000020110F000001000000050000000000000000207440000000000020744000000000003074400000000000207440000000000030744000000000003074400000000000207440000000000030744000000000002074400000000000207440
323	Organization 323	Address 323	0103000020110F000001000000050000000000000000307440000000000030744000000000004074400000000000307440000000000040744000000000004074400000000000307440000000000040744000000000003074400000000000307440
324	Organization 324	Address 324	0103000020110F000001000000050000000000000000407440000000000040744000000000005074400000000000407440000000000050744000000000005074400000000000407440000000000050744000000000004074400000000000407440
325	Organization 325	Address 325	0103000020110F000001000000050000000000000000507440000000000050744000000000006074400000000000507440000000000060744000000000006074400000000000507440000000000060744000000000005074400000000000507440
326	Organization 326	Address 326	0103000020110F000001000000050000000000000000607440000000000060744000000000007074400000000000607440000000000070744000000000007074400000000000607440000000000070744000000000006074400000000000607440
327	Organization 327	Address 327	0103000020110F000001000000050000000000000000707440000000000070744000000000008074400000000000707440000000000080744000000000008074400000000000707440000000000080744000000000007074400000000000707440
328	Organization 328	Address 328	0103000020110F000001000000050000000000000000807440000000000080744000000000009074400000000000807440000000000090744000000000009074400000000000807440000000000090744000000000008074400000000000807440
329	Organization 329	Address 329	0103000020110F00000100000005000000000000000090744000000000009074400000000000A0744000000000009074400000000000A074400000000000A0744000000000009074400000000000A0744000000000009074400000000000907440
330	Organization 330	Address 330	0103000020110F000001000000050000000000000000A074400000000000A074400000000000B074400000000000A074400000000000B074400000000000B074400000000000A074400000000000B074400000000000A074400000000000A07440
331	Organization 331	Address 331	0103000020110F000001000000050000000000000000B074400000000000B074400000000000C074400000000000B074400000000000C074400000000000C074400000000000B074400000000000C074400000000000B074400000000000B07440
332	Organization 332	Address 332	0103000020110F000001000000050000000000000000C074400000000000C074400000000000D074400000000000C074400000000000D074400000000000D074400000000000C074400000000000D074400000000000C074400000000000C07440
333	Organization 333	Address 333	0103000020110F000001000000050000000000000000D074400000000000D074400000000000E074400000000000D074400000000000E074400000000000E074400000000000D074400000000000E074400000000000D074400000000000D07440
334	Organization 334	Address 334	0103000020110F000001000000050000000000000000E074400000000000E074400000000000F074400000000000E074400000000000F074400000000000F074400000000000E074400000000000F074400000000000E074400000000000E07440
335	Organization 335	Address 335	0103000020110F000001000000050000000000000000F074400000000000F0744000000000000075400000000000F07440000000000000754000000000000075400000000000F0744000000000000075400000000000F074400000000000F07440
336	Organization 336	Address 336	0103000020110F000001000000050000000000000000007540000000000000754000000000001075400000000000007540000000000010754000000000001075400000000000007540000000000010754000000000000075400000000000007540
337	Organization 337	Address 337	0103000020110F000001000000050000000000000000107540000000000010754000000000002075400000000000107540000000000020754000000000002075400000000000107540000000000020754000000000001075400000000000107540
338	Organization 338	Address 338	0103000020110F000001000000050000000000000000207540000000000020754000000000003075400000000000207540000000000030754000000000003075400000000000207540000000000030754000000000002075400000000000207540
339	Organization 339	Address 339	0103000020110F000001000000050000000000000000307540000000000030754000000000004075400000000000307540000000000040754000000000004075400000000000307540000000000040754000000000003075400000000000307540
340	Organization 340	Address 340	0103000020110F000001000000050000000000000000407540000000000040754000000000005075400000000000407540000000000050754000000000005075400000000000407540000000000050754000000000004075400000000000407540
341	Organization 341	Address 341	0103000020110F000001000000050000000000000000507540000000000050754000000000006075400000000000507540000000000060754000000000006075400000000000507540000000000060754000000000005075400000000000507540
342	Organization 342	Address 342	0103000020110F000001000000050000000000000000607540000000000060754000000000007075400000000000607540000000000070754000000000007075400000000000607540000000000070754000000000006075400000000000607540
343	Organization 343	Address 343	0103000020110F000001000000050000000000000000707540000000000070754000000000008075400000000000707540000000000080754000000000008075400000000000707540000000000080754000000000007075400000000000707540
344	Organization 344	Address 344	0103000020110F000001000000050000000000000000807540000000000080754000000000009075400000000000807540000000000090754000000000009075400000000000807540000000000090754000000000008075400000000000807540
345	Organization 345	Address 345	0103000020110F00000100000005000000000000000090754000000000009075400000000000A0754000000000009075400000000000A075400000000000A0754000000000009075400000000000A0754000000000009075400000000000907540
346	Organization 346	Address 346	0103000020110F000001000000050000000000000000A075400000000000A075400000000000B075400000000000A075400000000000B075400000000000B075400000000000A075400000000000B075400000000000A075400000000000A07540
347	Organization 347	Address 347	0103000020110F000001000000050000000000000000B075400000000000B075400000000000C075400000000000B075400000000000C075400000000000C075400000000000B075400000000000C075400000000000B075400000000000B07540
348	Organization 348	Address 348	0103000020110F000001000000050000000000000000C075400000000000C075400000000000D075400000000000C075400000000000D075400000000000D075400000000000C075400000000000D075400000000000C075400000000000C07540
349	Organization 349	Address 349	0103000020110F000001000000050000000000000000D075400000000000D075400000000000E075400000000000D075400000000000E075400000000000E075400000000000D075400000000000E075400000000000D075400000000000D07540
350	Organization 350	Address 350	0103000020110F000001000000050000000000000000E075400000000000E075400000000000F075400000000000E075400000000000F075400000000000F075400000000000E075400000000000F075400000000000E075400000000000E07540
351	Organization 351	Address 351	0103000020110F000001000000050000000000000000F075400000000000F0754000000000000076400000000000F07540000000000000764000000000000076400000000000F0754000000000000076400000000000F075400000000000F07540
352	Organization 352	Address 352	0103000020110F000001000000050000000000000000007640000000000000764000000000001076400000000000007640000000000010764000000000001076400000000000007640000000000010764000000000000076400000000000007640
353	Organization 353	Address 353	0103000020110F000001000000050000000000000000107640000000000010764000000000002076400000000000107640000000000020764000000000002076400000000000107640000000000020764000000000001076400000000000107640
354	Organization 354	Address 354	0103000020110F000001000000050000000000000000207640000000000020764000000000003076400000000000207640000000000030764000000000003076400000000000207640000000000030764000000000002076400000000000207640
355	Organization 355	Address 355	0103000020110F000001000000050000000000000000307640000000000030764000000000004076400000000000307640000000000040764000000000004076400000000000307640000000000040764000000000003076400000000000307640
356	Organization 356	Address 356	0103000020110F000001000000050000000000000000407640000000000040764000000000005076400000000000407640000000000050764000000000005076400000000000407640000000000050764000000000004076400000000000407640
357	Organization 357	Address 357	0103000020110F000001000000050000000000000000507640000000000050764000000000006076400000000000507640000000000060764000000000006076400000000000507640000000000060764000000000005076400000000000507640
358	Organization 358	Address 358	0103000020110F000001000000050000000000000000607640000000000060764000000000007076400000000000607640000000000070764000000000007076400000000000607640000000000070764000000000006076400000000000607640
359	Organization 359	Address 359	0103000020110F000001000000050000000000000000707640000000000070764000000000008076400000000000707640000000000080764000000000008076400000000000707640000000000080764000000000007076400000000000707640
360	Organization 360	Address 360	0103000020110F000001000000050000000000000000807640000000000080764000000000009076400000000000807640000000000090764000000000009076400000000000807640000000000090764000000000008076400000000000807640
361	Organization 361	Address 361	0103000020110F00000100000005000000000000000090764000000000009076400000000000A0764000000000009076400000000000A076400000000000A0764000000000009076400000000000A0764000000000009076400000000000907640
362	Organization 362	Address 362	0103000020110F000001000000050000000000000000A076400000000000A076400000000000B076400000000000A076400000000000B076400000000000B076400000000000A076400000000000B076400000000000A076400000000000A07640
363	Organization 363	Address 363	0103000020110F000001000000050000000000000000B076400000000000B076400000000000C076400000000000B076400000000000C076400000000000C076400000000000B076400000000000C076400000000000B076400000000000B07640
364	Organization 364	Address 364	0103000020110F000001000000050000000000000000C076400000000000C076400000000000D076400000000000C076400000000000D076400000000000D076400000000000C076400000000000D076400000000000C076400000000000C07640
365	Organization 365	Address 365	0103000020110F000001000000050000000000000000D076400000000000D076400000000000E076400000000000D076400000000000E076400000000000E076400000000000D076400000000000E076400000000000D076400000000000D07640
366	Organization 366	Address 366	0103000020110F000001000000050000000000000000E076400000000000E076400000000000F076400000000000E076400000000000F076400000000000F076400000000000E076400000000000F076400000000000E076400000000000E07640
367	Organization 367	Address 367	0103000020110F000001000000050000000000000000F076400000000000F0764000000000000077400000000000F07640000000000000774000000000000077400000000000F0764000000000000077400000000000F076400000000000F07640
368	Organization 368	Address 368	0103000020110F000001000000050000000000000000007740000000000000774000000000001077400000000000007740000000000010774000000000001077400000000000007740000000000010774000000000000077400000000000007740
369	Organization 369	Address 369	0103000020110F000001000000050000000000000000107740000000000010774000000000002077400000000000107740000000000020774000000000002077400000000000107740000000000020774000000000001077400000000000107740
370	Organization 370	Address 370	0103000020110F000001000000050000000000000000207740000000000020774000000000003077400000000000207740000000000030774000000000003077400000000000207740000000000030774000000000002077400000000000207740
371	Organization 371	Address 371	0103000020110F000001000000050000000000000000307740000000000030774000000000004077400000000000307740000000000040774000000000004077400000000000307740000000000040774000000000003077400000000000307740
372	Organization 372	Address 372	0103000020110F000001000000050000000000000000407740000000000040774000000000005077400000000000407740000000000050774000000000005077400000000000407740000000000050774000000000004077400000000000407740
373	Organization 373	Address 373	0103000020110F000001000000050000000000000000507740000000000050774000000000006077400000000000507740000000000060774000000000006077400000000000507740000000000060774000000000005077400000000000507740
374	Organization 374	Address 374	0103000020110F000001000000050000000000000000607740000000000060774000000000007077400000000000607740000000000070774000000000007077400000000000607740000000000070774000000000006077400000000000607740
375	Organization 375	Address 375	0103000020110F000001000000050000000000000000707740000000000070774000000000008077400000000000707740000000000080774000000000008077400000000000707740000000000080774000000000007077400000000000707740
376	Organization 376	Address 376	0103000020110F000001000000050000000000000000807740000000000080774000000000009077400000000000807740000000000090774000000000009077400000000000807740000000000090774000000000008077400000000000807740
377	Organization 377	Address 377	0103000020110F00000100000005000000000000000090774000000000009077400000000000A0774000000000009077400000000000A077400000000000A0774000000000009077400000000000A0774000000000009077400000000000907740
378	Organization 378	Address 378	0103000020110F000001000000050000000000000000A077400000000000A077400000000000B077400000000000A077400000000000B077400000000000B077400000000000A077400000000000B077400000000000A077400000000000A07740
379	Organization 379	Address 379	0103000020110F000001000000050000000000000000B077400000000000B077400000000000C077400000000000B077400000000000C077400000000000C077400000000000B077400000000000C077400000000000B077400000000000B07740
380	Organization 380	Address 380	0103000020110F000001000000050000000000000000C077400000000000C077400000000000D077400000000000C077400000000000D077400000000000D077400000000000C077400000000000D077400000000000C077400000000000C07740
381	Organization 381	Address 381	0103000020110F000001000000050000000000000000D077400000000000D077400000000000E077400000000000D077400000000000E077400000000000E077400000000000D077400000000000E077400000000000D077400000000000D07740
382	Organization 382	Address 382	0103000020110F000001000000050000000000000000E077400000000000E077400000000000F077400000000000E077400000000000F077400000000000F077400000000000E077400000000000F077400000000000E077400000000000E07740
383	Organization 383	Address 383	0103000020110F000001000000050000000000000000F077400000000000F0774000000000000078400000000000F07740000000000000784000000000000078400000000000F0774000000000000078400000000000F077400000000000F07740
384	Organization 384	Address 384	0103000020110F000001000000050000000000000000007840000000000000784000000000001078400000000000007840000000000010784000000000001078400000000000007840000000000010784000000000000078400000000000007840
385	Organization 385	Address 385	0103000020110F000001000000050000000000000000107840000000000010784000000000002078400000000000107840000000000020784000000000002078400000000000107840000000000020784000000000001078400000000000107840
386	Organization 386	Address 386	0103000020110F000001000000050000000000000000207840000000000020784000000000003078400000000000207840000000000030784000000000003078400000000000207840000000000030784000000000002078400000000000207840
387	Organization 387	Address 387	0103000020110F000001000000050000000000000000307840000000000030784000000000004078400000000000307840000000000040784000000000004078400000000000307840000000000040784000000000003078400000000000307840
388	Organization 388	Address 388	0103000020110F000001000000050000000000000000407840000000000040784000000000005078400000000000407840000000000050784000000000005078400000000000407840000000000050784000000000004078400000000000407840
389	Organization 389	Address 389	0103000020110F000001000000050000000000000000507840000000000050784000000000006078400000000000507840000000000060784000000000006078400000000000507840000000000060784000000000005078400000000000507840
390	Organization 390	Address 390	0103000020110F000001000000050000000000000000607840000000000060784000000000007078400000000000607840000000000070784000000000007078400000000000607840000000000070784000000000006078400000000000607840
391	Organization 391	Address 391	0103000020110F000001000000050000000000000000707840000000000070784000000000008078400000000000707840000000000080784000000000008078400000000000707840000000000080784000000000007078400000000000707840
392	Organization 392	Address 392	0103000020110F000001000000050000000000000000807840000000000080784000000000009078400000000000807840000000000090784000000000009078400000000000807840000000000090784000000000008078400000000000807840
393	Organization 393	Address 393	0103000020110F00000100000005000000000000000090784000000000009078400000000000A0784000000000009078400000000000A078400000000000A0784000000000009078400000000000A0784000000000009078400000000000907840
394	Organization 394	Address 394	0103000020110F000001000000050000000000000000A078400000000000A078400000000000B078400000000000A078400000000000B078400000000000B078400000000000A078400000000000B078400000000000A078400000000000A07840
395	Organization 395	Address 395	0103000020110F000001000000050000000000000000B078400000000000B078400000000000C078400000000000B078400000000000C078400000000000C078400000000000B078400000000000C078400000000000B078400000000000B07840
396	Organization 396	Address 396	0103000020110F000001000000050000000000000000C078400000000000C078400000000000D078400000000000C078400000000000D078400000000000D078400000000000C078400000000000D078400000000000C078400000000000C07840
397	Organization 397	Address 397	0103000020110F000001000000050000000000000000D078400000000000D078400000000000E078400000000000D078400000000000E078400000000000E078400000000000D078400000000000E078400000000000D078400000000000D07840
398	Organization 398	Address 398	0103000020110F000001000000050000000000000000E078400000000000E078400000000000F078400000000000E078400000000000F078400000000000F078400000000000E078400000000000F078400000000000E078400000000000E07840
399	Organization 399	Address 399	0103000020110F000001000000050000000000000000F078400000000000F0784000000000000079400000000000F07840000000000000794000000000000079400000000000F0784000000000000079400000000000F078400000000000F07840
400	Organization 400	Address 400	0103000020110F000001000000050000000000000000007940000000000000794000000000001079400000000000007940000000000010794000000000001079400000000000007940000000000010794000000000000079400000000000007940
401	Organization 401	Address 401	0103000020110F000001000000050000000000000000107940000000000010794000000000002079400000000000107940000000000020794000000000002079400000000000107940000000000020794000000000001079400000000000107940
402	Organization 402	Address 402	0103000020110F000001000000050000000000000000207940000000000020794000000000003079400000000000207940000000000030794000000000003079400000000000207940000000000030794000000000002079400000000000207940
403	Organization 403	Address 403	0103000020110F000001000000050000000000000000307940000000000030794000000000004079400000000000307940000000000040794000000000004079400000000000307940000000000040794000000000003079400000000000307940
404	Organization 404	Address 404	0103000020110F000001000000050000000000000000407940000000000040794000000000005079400000000000407940000000000050794000000000005079400000000000407940000000000050794000000000004079400000000000407940
405	Organization 405	Address 405	0103000020110F000001000000050000000000000000507940000000000050794000000000006079400000000000507940000000000060794000000000006079400000000000507940000000000060794000000000005079400000000000507940
406	Organization 406	Address 406	0103000020110F000001000000050000000000000000607940000000000060794000000000007079400000000000607940000000000070794000000000007079400000000000607940000000000070794000000000006079400000000000607940
407	Organization 407	Address 407	0103000020110F000001000000050000000000000000707940000000000070794000000000008079400000000000707940000000000080794000000000008079400000000000707940000000000080794000000000007079400000000000707940
408	Organization 408	Address 408	0103000020110F000001000000050000000000000000807940000000000080794000000000009079400000000000807940000000000090794000000000009079400000000000807940000000000090794000000000008079400000000000807940
409	Organization 409	Address 409	0103000020110F00000100000005000000000000000090794000000000009079400000000000A0794000000000009079400000000000A079400000000000A0794000000000009079400000000000A0794000000000009079400000000000907940
410	Organization 410	Address 410	0103000020110F000001000000050000000000000000A079400000000000A079400000000000B079400000000000A079400000000000B079400000000000B079400000000000A079400000000000B079400000000000A079400000000000A07940
411	Organization 411	Address 411	0103000020110F000001000000050000000000000000B079400000000000B079400000000000C079400000000000B079400000000000C079400000000000C079400000000000B079400000000000C079400000000000B079400000000000B07940
412	Organization 412	Address 412	0103000020110F000001000000050000000000000000C079400000000000C079400000000000D079400000000000C079400000000000D079400000000000D079400000000000C079400000000000D079400000000000C079400000000000C07940
413	Organization 413	Address 413	0103000020110F000001000000050000000000000000D079400000000000D079400000000000E079400000000000D079400000000000E079400000000000E079400000000000D079400000000000E079400000000000D079400000000000D07940
414	Organization 414	Address 414	0103000020110F000001000000050000000000000000E079400000000000E079400000000000F079400000000000E079400000000000F079400000000000F079400000000000E079400000000000F079400000000000E079400000000000E07940
415	Organization 415	Address 415	0103000020110F000001000000050000000000000000F079400000000000F079400000000000007A400000000000F079400000000000007A400000000000007A400000000000F079400000000000007A400000000000F079400000000000F07940
416	Organization 416	Address 416	0103000020110F000001000000050000000000000000007A400000000000007A400000000000107A400000000000007A400000000000107A400000000000107A400000000000007A400000000000107A400000000000007A400000000000007A40
417	Organization 417	Address 417	0103000020110F000001000000050000000000000000107A400000000000107A400000000000207A400000000000107A400000000000207A400000000000207A400000000000107A400000000000207A400000000000107A400000000000107A40
418	Organization 418	Address 418	0103000020110F000001000000050000000000000000207A400000000000207A400000000000307A400000000000207A400000000000307A400000000000307A400000000000207A400000000000307A400000000000207A400000000000207A40
419	Organization 419	Address 419	0103000020110F000001000000050000000000000000307A400000000000307A400000000000407A400000000000307A400000000000407A400000000000407A400000000000307A400000000000407A400000000000307A400000000000307A40
420	Organization 420	Address 420	0103000020110F000001000000050000000000000000407A400000000000407A400000000000507A400000000000407A400000000000507A400000000000507A400000000000407A400000000000507A400000000000407A400000000000407A40
421	Organization 421	Address 421	0103000020110F000001000000050000000000000000507A400000000000507A400000000000607A400000000000507A400000000000607A400000000000607A400000000000507A400000000000607A400000000000507A400000000000507A40
422	Organization 422	Address 422	0103000020110F000001000000050000000000000000607A400000000000607A400000000000707A400000000000607A400000000000707A400000000000707A400000000000607A400000000000707A400000000000607A400000000000607A40
423	Organization 423	Address 423	0103000020110F000001000000050000000000000000707A400000000000707A400000000000807A400000000000707A400000000000807A400000000000807A400000000000707A400000000000807A400000000000707A400000000000707A40
424	Organization 424	Address 424	0103000020110F000001000000050000000000000000807A400000000000807A400000000000907A400000000000807A400000000000907A400000000000907A400000000000807A400000000000907A400000000000807A400000000000807A40
425	Organization 425	Address 425	0103000020110F000001000000050000000000000000907A400000000000907A400000000000A07A400000000000907A400000000000A07A400000000000A07A400000000000907A400000000000A07A400000000000907A400000000000907A40
426	Organization 426	Address 426	0103000020110F000001000000050000000000000000A07A400000000000A07A400000000000B07A400000000000A07A400000000000B07A400000000000B07A400000000000A07A400000000000B07A400000000000A07A400000000000A07A40
427	Organization 427	Address 427	0103000020110F000001000000050000000000000000B07A400000000000B07A400000000000C07A400000000000B07A400000000000C07A400000000000C07A400000000000B07A400000000000C07A400000000000B07A400000000000B07A40
428	Organization 428	Address 428	0103000020110F000001000000050000000000000000C07A400000000000C07A400000000000D07A400000000000C07A400000000000D07A400000000000D07A400000000000C07A400000000000D07A400000000000C07A400000000000C07A40
429	Organization 429	Address 429	0103000020110F000001000000050000000000000000D07A400000000000D07A400000000000E07A400000000000D07A400000000000E07A400000000000E07A400000000000D07A400000000000E07A400000000000D07A400000000000D07A40
430	Organization 430	Address 430	0103000020110F000001000000050000000000000000E07A400000000000E07A400000000000F07A400000000000E07A400000000000F07A400000000000F07A400000000000E07A400000000000F07A400000000000E07A400000000000E07A40
431	Organization 431	Address 431	0103000020110F000001000000050000000000000000F07A400000000000F07A400000000000007B400000000000F07A400000000000007B400000000000007B400000000000F07A400000000000007B400000000000F07A400000000000F07A40
432	Organization 432	Address 432	0103000020110F000001000000050000000000000000007B400000000000007B400000000000107B400000000000007B400000000000107B400000000000107B400000000000007B400000000000107B400000000000007B400000000000007B40
433	Organization 433	Address 433	0103000020110F000001000000050000000000000000107B400000000000107B400000000000207B400000000000107B400000000000207B400000000000207B400000000000107B400000000000207B400000000000107B400000000000107B40
434	Organization 434	Address 434	0103000020110F000001000000050000000000000000207B400000000000207B400000000000307B400000000000207B400000000000307B400000000000307B400000000000207B400000000000307B400000000000207B400000000000207B40
435	Organization 435	Address 435	0103000020110F000001000000050000000000000000307B400000000000307B400000000000407B400000000000307B400000000000407B400000000000407B400000000000307B400000000000407B400000000000307B400000000000307B40
436	Organization 436	Address 436	0103000020110F000001000000050000000000000000407B400000000000407B400000000000507B400000000000407B400000000000507B400000000000507B400000000000407B400000000000507B400000000000407B400000000000407B40
437	Organization 437	Address 437	0103000020110F000001000000050000000000000000507B400000000000507B400000000000607B400000000000507B400000000000607B400000000000607B400000000000507B400000000000607B400000000000507B400000000000507B40
438	Organization 438	Address 438	0103000020110F000001000000050000000000000000607B400000000000607B400000000000707B400000000000607B400000000000707B400000000000707B400000000000607B400000000000707B400000000000607B400000000000607B40
439	Organization 439	Address 439	0103000020110F000001000000050000000000000000707B400000000000707B400000000000807B400000000000707B400000000000807B400000000000807B400000000000707B400000000000807B400000000000707B400000000000707B40
440	Organization 440	Address 440	0103000020110F000001000000050000000000000000807B400000000000807B400000000000907B400000000000807B400000000000907B400000000000907B400000000000807B400000000000907B400000000000807B400000000000807B40
441	Organization 441	Address 441	0103000020110F000001000000050000000000000000907B400000000000907B400000000000A07B400000000000907B400000000000A07B400000000000A07B400000000000907B400000000000A07B400000000000907B400000000000907B40
442	Organization 442	Address 442	0103000020110F000001000000050000000000000000A07B400000000000A07B400000000000B07B400000000000A07B400000000000B07B400000000000B07B400000000000A07B400000000000B07B400000000000A07B400000000000A07B40
443	Organization 443	Address 443	0103000020110F000001000000050000000000000000B07B400000000000B07B400000000000C07B400000000000B07B400000000000C07B400000000000C07B400000000000B07B400000000000C07B400000000000B07B400000000000B07B40
444	Organization 444	Address 444	0103000020110F000001000000050000000000000000C07B400000000000C07B400000000000D07B400000000000C07B400000000000D07B400000000000D07B400000000000C07B400000000000D07B400000000000C07B400000000000C07B40
445	Organization 445	Address 445	0103000020110F000001000000050000000000000000D07B400000000000D07B400000000000E07B400000000000D07B400000000000E07B400000000000E07B400000000000D07B400000000000E07B400000000000D07B400000000000D07B40
446	Organization 446	Address 446	0103000020110F000001000000050000000000000000E07B400000000000E07B400000000000F07B400000000000E07B400000000000F07B400000000000F07B400000000000E07B400000000000F07B400000000000E07B400000000000E07B40
447	Organization 447	Address 447	0103000020110F000001000000050000000000000000F07B400000000000F07B400000000000007C400000000000F07B400000000000007C400000000000007C400000000000F07B400000000000007C400000000000F07B400000000000F07B40
448	Organization 448	Address 448	0103000020110F000001000000050000000000000000007C400000000000007C400000000000107C400000000000007C400000000000107C400000000000107C400000000000007C400000000000107C400000000000007C400000000000007C40
449	Organization 449	Address 449	0103000020110F000001000000050000000000000000107C400000000000107C400000000000207C400000000000107C400000000000207C400000000000207C400000000000107C400000000000207C400000000000107C400000000000107C40
450	Organization 450	Address 450	0103000020110F000001000000050000000000000000207C400000000000207C400000000000307C400000000000207C400000000000307C400000000000307C400000000000207C400000000000307C400000000000207C400000000000207C40
451	Organization 451	Address 451	0103000020110F000001000000050000000000000000307C400000000000307C400000000000407C400000000000307C400000000000407C400000000000407C400000000000307C400000000000407C400000000000307C400000000000307C40
452	Organization 452	Address 452	0103000020110F000001000000050000000000000000407C400000000000407C400000000000507C400000000000407C400000000000507C400000000000507C400000000000407C400000000000507C400000000000407C400000000000407C40
453	Organization 453	Address 453	0103000020110F000001000000050000000000000000507C400000000000507C400000000000607C400000000000507C400000000000607C400000000000607C400000000000507C400000000000607C400000000000507C400000000000507C40
454	Organization 454	Address 454	0103000020110F000001000000050000000000000000607C400000000000607C400000000000707C400000000000607C400000000000707C400000000000707C400000000000607C400000000000707C400000000000607C400000000000607C40
455	Organization 455	Address 455	0103000020110F000001000000050000000000000000707C400000000000707C400000000000807C400000000000707C400000000000807C400000000000807C400000000000707C400000000000807C400000000000707C400000000000707C40
456	Organization 456	Address 456	0103000020110F000001000000050000000000000000807C400000000000807C400000000000907C400000000000807C400000000000907C400000000000907C400000000000807C400000000000907C400000000000807C400000000000807C40
457	Organization 457	Address 457	0103000020110F000001000000050000000000000000907C400000000000907C400000000000A07C400000000000907C400000000000A07C400000000000A07C400000000000907C400000000000A07C400000000000907C400000000000907C40
458	Organization 458	Address 458	0103000020110F000001000000050000000000000000A07C400000000000A07C400000000000B07C400000000000A07C400000000000B07C400000000000B07C400000000000A07C400000000000B07C400000000000A07C400000000000A07C40
459	Organization 459	Address 459	0103000020110F000001000000050000000000000000B07C400000000000B07C400000000000C07C400000000000B07C400000000000C07C400000000000C07C400000000000B07C400000000000C07C400000000000B07C400000000000B07C40
460	Organization 460	Address 460	0103000020110F000001000000050000000000000000C07C400000000000C07C400000000000D07C400000000000C07C400000000000D07C400000000000D07C400000000000C07C400000000000D07C400000000000C07C400000000000C07C40
461	Organization 461	Address 461	0103000020110F000001000000050000000000000000D07C400000000000D07C400000000000E07C400000000000D07C400000000000E07C400000000000E07C400000000000D07C400000000000E07C400000000000D07C400000000000D07C40
462	Organization 462	Address 462	0103000020110F000001000000050000000000000000E07C400000000000E07C400000000000F07C400000000000E07C400000000000F07C400000000000F07C400000000000E07C400000000000F07C400000000000E07C400000000000E07C40
463	Organization 463	Address 463	0103000020110F000001000000050000000000000000F07C400000000000F07C400000000000007D400000000000F07C400000000000007D400000000000007D400000000000F07C400000000000007D400000000000F07C400000000000F07C40
464	Organization 464	Address 464	0103000020110F000001000000050000000000000000007D400000000000007D400000000000107D400000000000007D400000000000107D400000000000107D400000000000007D400000000000107D400000000000007D400000000000007D40
465	Organization 465	Address 465	0103000020110F000001000000050000000000000000107D400000000000107D400000000000207D400000000000107D400000000000207D400000000000207D400000000000107D400000000000207D400000000000107D400000000000107D40
466	Organization 466	Address 466	0103000020110F000001000000050000000000000000207D400000000000207D400000000000307D400000000000207D400000000000307D400000000000307D400000000000207D400000000000307D400000000000207D400000000000207D40
467	Organization 467	Address 467	0103000020110F000001000000050000000000000000307D400000000000307D400000000000407D400000000000307D400000000000407D400000000000407D400000000000307D400000000000407D400000000000307D400000000000307D40
468	Organization 468	Address 468	0103000020110F000001000000050000000000000000407D400000000000407D400000000000507D400000000000407D400000000000507D400000000000507D400000000000407D400000000000507D400000000000407D400000000000407D40
469	Organization 469	Address 469	0103000020110F000001000000050000000000000000507D400000000000507D400000000000607D400000000000507D400000000000607D400000000000607D400000000000507D400000000000607D400000000000507D400000000000507D40
470	Organization 470	Address 470	0103000020110F000001000000050000000000000000607D400000000000607D400000000000707D400000000000607D400000000000707D400000000000707D400000000000607D400000000000707D400000000000607D400000000000607D40
471	Organization 471	Address 471	0103000020110F000001000000050000000000000000707D400000000000707D400000000000807D400000000000707D400000000000807D400000000000807D400000000000707D400000000000807D400000000000707D400000000000707D40
472	Organization 472	Address 472	0103000020110F000001000000050000000000000000807D400000000000807D400000000000907D400000000000807D400000000000907D400000000000907D400000000000807D400000000000907D400000000000807D400000000000807D40
473	Organization 473	Address 473	0103000020110F000001000000050000000000000000907D400000000000907D400000000000A07D400000000000907D400000000000A07D400000000000A07D400000000000907D400000000000A07D400000000000907D400000000000907D40
474	Organization 474	Address 474	0103000020110F000001000000050000000000000000A07D400000000000A07D400000000000B07D400000000000A07D400000000000B07D400000000000B07D400000000000A07D400000000000B07D400000000000A07D400000000000A07D40
475	Organization 475	Address 475	0103000020110F000001000000050000000000000000B07D400000000000B07D400000000000C07D400000000000B07D400000000000C07D400000000000C07D400000000000B07D400000000000C07D400000000000B07D400000000000B07D40
476	Organization 476	Address 476	0103000020110F000001000000050000000000000000C07D400000000000C07D400000000000D07D400000000000C07D400000000000D07D400000000000D07D400000000000C07D400000000000D07D400000000000C07D400000000000C07D40
477	Organization 477	Address 477	0103000020110F000001000000050000000000000000D07D400000000000D07D400000000000E07D400000000000D07D400000000000E07D400000000000E07D400000000000D07D400000000000E07D400000000000D07D400000000000D07D40
478	Organization 478	Address 478	0103000020110F000001000000050000000000000000E07D400000000000E07D400000000000F07D400000000000E07D400000000000F07D400000000000F07D400000000000E07D400000000000F07D400000000000E07D400000000000E07D40
479	Organization 479	Address 479	0103000020110F000001000000050000000000000000F07D400000000000F07D400000000000007E400000000000F07D400000000000007E400000000000007E400000000000F07D400000000000007E400000000000F07D400000000000F07D40
480	Organization 480	Address 480	0103000020110F000001000000050000000000000000007E400000000000007E400000000000107E400000000000007E400000000000107E400000000000107E400000000000007E400000000000107E400000000000007E400000000000007E40
481	Organization 481	Address 481	0103000020110F000001000000050000000000000000107E400000000000107E400000000000207E400000000000107E400000000000207E400000000000207E400000000000107E400000000000207E400000000000107E400000000000107E40
482	Organization 482	Address 482	0103000020110F000001000000050000000000000000207E400000000000207E400000000000307E400000000000207E400000000000307E400000000000307E400000000000207E400000000000307E400000000000207E400000000000207E40
483	Organization 483	Address 483	0103000020110F000001000000050000000000000000307E400000000000307E400000000000407E400000000000307E400000000000407E400000000000407E400000000000307E400000000000407E400000000000307E400000000000307E40
484	Organization 484	Address 484	0103000020110F000001000000050000000000000000407E400000000000407E400000000000507E400000000000407E400000000000507E400000000000507E400000000000407E400000000000507E400000000000407E400000000000407E40
485	Organization 485	Address 485	0103000020110F000001000000050000000000000000507E400000000000507E400000000000607E400000000000507E400000000000607E400000000000607E400000000000507E400000000000607E400000000000507E400000000000507E40
486	Organization 486	Address 486	0103000020110F000001000000050000000000000000607E400000000000607E400000000000707E400000000000607E400000000000707E400000000000707E400000000000607E400000000000707E400000000000607E400000000000607E40
487	Organization 487	Address 487	0103000020110F000001000000050000000000000000707E400000000000707E400000000000807E400000000000707E400000000000807E400000000000807E400000000000707E400000000000807E400000000000707E400000000000707E40
488	Organization 488	Address 488	0103000020110F000001000000050000000000000000807E400000000000807E400000000000907E400000000000807E400000000000907E400000000000907E400000000000807E400000000000907E400000000000807E400000000000807E40
489	Organization 489	Address 489	0103000020110F000001000000050000000000000000907E400000000000907E400000000000A07E400000000000907E400000000000A07E400000000000A07E400000000000907E400000000000A07E400000000000907E400000000000907E40
490	Organization 490	Address 490	0103000020110F000001000000050000000000000000A07E400000000000A07E400000000000B07E400000000000A07E400000000000B07E400000000000B07E400000000000A07E400000000000B07E400000000000A07E400000000000A07E40
491	Organization 491	Address 491	0103000020110F000001000000050000000000000000B07E400000000000B07E400000000000C07E400000000000B07E400000000000C07E400000000000C07E400000000000B07E400000000000C07E400000000000B07E400000000000B07E40
492	Organization 492	Address 492	0103000020110F000001000000050000000000000000C07E400000000000C07E400000000000D07E400000000000C07E400000000000D07E400000000000D07E400000000000C07E400000000000D07E400000000000C07E400000000000C07E40
493	Organization 493	Address 493	0103000020110F000001000000050000000000000000D07E400000000000D07E400000000000E07E400000000000D07E400000000000E07E400000000000E07E400000000000D07E400000000000E07E400000000000D07E400000000000D07E40
494	Organization 494	Address 494	0103000020110F000001000000050000000000000000E07E400000000000E07E400000000000F07E400000000000E07E400000000000F07E400000000000F07E400000000000E07E400000000000F07E400000000000E07E400000000000E07E40
495	Organization 495	Address 495	0103000020110F000001000000050000000000000000F07E400000000000F07E400000000000007F400000000000F07E400000000000007F400000000000007F400000000000F07E400000000000007F400000000000F07E400000000000F07E40
496	Organization 496	Address 496	0103000020110F000001000000050000000000000000007F400000000000007F400000000000107F400000000000007F400000000000107F400000000000107F400000000000007F400000000000107F400000000000007F400000000000007F40
497	Organization 497	Address 497	0103000020110F000001000000050000000000000000107F400000000000107F400000000000207F400000000000107F400000000000207F400000000000207F400000000000107F400000000000207F400000000000107F400000000000107F40
498	Organization 498	Address 498	0103000020110F000001000000050000000000000000207F400000000000207F400000000000307F400000000000207F400000000000307F400000000000307F400000000000207F400000000000307F400000000000207F400000000000207F40
499	Organization 499	Address 499	0103000020110F000001000000050000000000000000307F400000000000307F400000000000407F400000000000307F400000000000407F400000000000407F400000000000307F400000000000407F400000000000307F400000000000307F40
500	Organization 500	Address 500	0103000020110F000001000000050000000000000000407F400000000000407F400000000000507F400000000000407F400000000000507F400000000000507F400000000000407F400000000000507F400000000000407F400000000000407F40
1	Organization 1	Address 1	0103000020110F00000100000005000000000000000000F03F000000000000F03F0000000000000040000000000000F03F00000000000000400000000000000040000000000000F03F0000000000000040000000000000F03F000000000000F03F
\.


--
-- Data for Name: product; Type: TABLE DATA; Schema: public; Owner: postgres
--

COPY public.product (id, code, name) FROM stdin;
1	2	Product 1
2	3	Product 2
3	4	Product 3
4	5	Product 4
5	6	Product 5
6	7	Product 6
7	8	Product 7
8	9	Product 8
9	10	Product 9
10	11	Product 10
11	12	Product 11
12	13	Product 12
13	14	Product 13
14	15	Product 14
15	16	Product 15
16	17	Product 16
17	18	Product 17
18	19	Product 18
19	20	Product 19
20	21	Product 20
21	22	Product 21
22	23	Product 22
23	24	Product 23
24	25	Product 24
25	26	Product 25
26	27	Product 26
27	28	Product 27
28	29	Product 28
29	30	Product 29
30	31	Product 30
31	32	Product 31
32	33	Product 32
33	34	Product 33
34	35	Product 34
35	36	Product 35
36	37	Product 36
37	38	Product 37
38	39	Product 38
39	40	Product 39
40	41	Product 40
41	42	Product 41
42	43	Product 42
43	44	Product 43
44	45	Product 44
45	46	Product 45
46	47	Product 46
47	48	Product 47
48	49	Product 48
49	50	Product 49
50	51	Product 50
51	52	Product 51
52	53	Product 52
53	54	Product 53
54	55	Product 54
55	56	Product 55
56	57	Product 56
57	58	Product 57
58	59	Product 58
59	60	Product 59
60	61	Product 60
61	62	Product 61
62	63	Product 62
63	64	Product 63
64	65	Product 64
65	66	Product 65
66	67	Product 66
67	68	Product 67
68	69	Product 68
69	70	Product 69
70	71	Product 70
71	72	Product 71
72	73	Product 72
73	74	Product 73
74	75	Product 74
75	76	Product 75
76	77	Product 76
77	78	Product 77
78	79	Product 78
79	80	Product 79
80	81	Product 80
81	82	Product 81
82	83	Product 82
83	84	Product 83
84	85	Product 84
85	86	Product 85
86	87	Product 86
87	88	Product 87
88	89	Product 88
89	90	Product 89
90	91	Product 90
91	92	Product 91
92	93	Product 92
93	94	Product 93
94	95	Product 94
95	96	Product 95
96	97	Product 96
97	98	Product 97
98	99	Product 98
99	100	Product 99
100	101	Product 100
101	102	Product 101
102	103	Product 102
103	104	Product 103
104	105	Product 104
105	106	Product 105
106	107	Product 106
107	108	Product 107
108	109	Product 108
109	110	Product 109
110	111	Product 110
111	112	Product 111
112	113	Product 112
113	114	Product 113
114	115	Product 114
115	116	Product 115
116	117	Product 116
117	118	Product 117
118	119	Product 118
119	120	Product 119
120	121	Product 120
121	122	Product 121
122	123	Product 122
123	124	Product 123
124	125	Product 124
125	126	Product 125
126	127	Product 126
127	128	Product 127
128	129	Product 128
129	130	Product 129
130	131	Product 130
131	132	Product 131
132	133	Product 132
133	134	Product 133
134	135	Product 134
135	136	Product 135
136	137	Product 136
137	138	Product 137
138	139	Product 138
139	140	Product 139
140	141	Product 140
141	142	Product 141
142	143	Product 142
143	144	Product 143
144	145	Product 144
145	146	Product 145
146	147	Product 146
147	148	Product 147
148	149	Product 148
149	150	Product 149
150	151	Product 150
151	152	Product 151
152	153	Product 152
153	154	Product 153
154	155	Product 154
155	156	Product 155
156	157	Product 156
157	158	Product 157
158	159	Product 158
159	160	Product 159
160	161	Product 160
161	162	Product 161
162	163	Product 162
163	164	Product 163
164	165	Product 164
165	166	Product 165
166	167	Product 166
167	168	Product 167
168	169	Product 168
169	170	Product 169
170	171	Product 170
171	172	Product 171
172	173	Product 172
173	174	Product 173
174	175	Product 174
175	176	Product 175
176	177	Product 176
177	178	Product 177
178	179	Product 178
179	180	Product 179
180	181	Product 180
181	182	Product 181
182	183	Product 182
183	184	Product 183
184	185	Product 184
185	186	Product 185
186	187	Product 186
187	188	Product 187
188	189	Product 188
189	190	Product 189
190	191	Product 190
191	192	Product 191
192	193	Product 192
193	194	Product 193
194	195	Product 194
195	196	Product 195
196	197	Product 196
197	198	Product 197
198	199	Product 198
199	200	Product 199
200	201	Product 200
201	202	Product 201
202	203	Product 202
203	204	Product 203
204	205	Product 204
205	206	Product 205
206	207	Product 206
207	208	Product 207
208	209	Product 208
209	210	Product 209
210	211	Product 210
211	212	Product 211
212	213	Product 212
213	214	Product 213
214	215	Product 214
215	216	Product 215
216	217	Product 216
217	218	Product 217
218	219	Product 218
219	220	Product 219
220	221	Product 220
221	222	Product 221
222	223	Product 222
223	224	Product 223
224	225	Product 224
225	226	Product 225
226	227	Product 226
227	228	Product 227
228	229	Product 228
229	230	Product 229
230	231	Product 230
231	232	Product 231
232	233	Product 232
233	234	Product 233
234	235	Product 234
235	236	Product 235
236	237	Product 236
237	238	Product 237
238	239	Product 238
239	240	Product 239
240	241	Product 240
241	242	Product 241
242	243	Product 242
243	244	Product 243
244	245	Product 244
245	246	Product 245
246	247	Product 246
247	248	Product 247
248	249	Product 248
249	250	Product 249
250	251	Product 250
251	252	Product 251
252	253	Product 252
253	254	Product 253
254	255	Product 254
255	256	Product 255
256	257	Product 256
257	258	Product 257
258	259	Product 258
259	260	Product 259
260	261	Product 260
261	262	Product 261
262	263	Product 262
263	264	Product 263
264	265	Product 264
265	266	Product 265
266	267	Product 266
267	268	Product 267
268	269	Product 268
269	270	Product 269
270	271	Product 270
271	272	Product 271
272	273	Product 272
273	274	Product 273
274	275	Product 274
275	276	Product 275
276	277	Product 276
277	278	Product 277
278	279	Product 278
279	280	Product 279
280	281	Product 280
281	282	Product 281
282	283	Product 282
283	284	Product 283
284	285	Product 284
285	286	Product 285
286	287	Product 286
287	288	Product 287
288	289	Product 288
289	290	Product 289
290	291	Product 290
291	292	Product 291
292	293	Product 292
293	294	Product 293
294	295	Product 294
295	296	Product 295
296	297	Product 296
297	298	Product 297
298	299	Product 298
299	300	Product 299
300	301	Product 300
301	302	Product 301
302	303	Product 302
303	304	Product 303
304	305	Product 304
305	306	Product 305
306	307	Product 306
307	308	Product 307
308	309	Product 308
309	310	Product 309
310	311	Product 310
311	312	Product 311
312	313	Product 312
313	314	Product 313
314	315	Product 314
315	316	Product 315
316	317	Product 316
317	318	Product 317
318	319	Product 318
319	320	Product 319
320	321	Product 320
321	322	Product 321
322	323	Product 322
323	324	Product 323
324	325	Product 324
325	326	Product 325
326	327	Product 326
327	328	Product 327
328	329	Product 328
329	330	Product 329
330	331	Product 330
331	332	Product 331
332	333	Product 332
333	334	Product 333
334	335	Product 334
335	336	Product 335
336	337	Product 336
337	338	Product 337
338	339	Product 338
339	340	Product 339
340	341	Product 340
341	342	Product 341
342	343	Product 342
343	344	Product 343
344	345	Product 344
345	346	Product 345
346	347	Product 346
347	348	Product 347
348	349	Product 348
349	350	Product 349
350	351	Product 350
351	352	Product 351
352	353	Product 352
353	354	Product 353
354	355	Product 354
355	356	Product 355
356	357	Product 356
357	358	Product 357
358	359	Product 358
359	360	Product 359
360	361	Product 360
361	362	Product 361
362	363	Product 362
363	364	Product 363
364	365	Product 364
365	366	Product 365
366	367	Product 366
367	368	Product 367
368	369	Product 368
369	370	Product 369
370	371	Product 370
371	372	Product 371
372	373	Product 372
373	374	Product 373
374	375	Product 374
375	376	Product 375
376	377	Product 376
377	378	Product 377
378	379	Product 378
379	380	Product 379
380	381	Product 380
381	382	Product 381
382	383	Product 382
383	384	Product 383
384	385	Product 384
385	386	Product 385
386	387	Product 386
387	388	Product 387
388	389	Product 388
389	390	Product 389
390	391	Product 390
391	392	Product 391
392	393	Product 392
393	394	Product 393
394	395	Product 394
395	396	Product 395
396	397	Product 396
397	398	Product 397
398	399	Product 398
399	400	Product 399
400	401	Product 400
401	402	Product 401
402	403	Product 402
403	404	Product 403
404	405	Product 404
405	406	Product 405
406	407	Product 406
407	408	Product 407
408	409	Product 408
409	410	Product 409
410	411	Product 410
411	412	Product 411
412	413	Product 412
413	414	Product 413
414	415	Product 414
415	416	Product 415
416	417	Product 416
417	418	Product 417
418	419	Product 418
419	420	Product 419
420	421	Product 420
421	422	Product 421
422	423	Product 422
423	424	Product 423
424	425	Product 424
425	426	Product 425
426	427	Product 426
427	428	Product 427
428	429	Product 428
429	430	Product 429
430	431	Product 430
431	432	Product 431
432	433	Product 432
433	434	Product 433
434	435	Product 434
435	436	Product 435
436	437	Product 436
437	438	Product 437
438	439	Product 438
439	440	Product 439
440	441	Product 440
441	442	Product 441
442	443	Product 442
443	444	Product 443
444	445	Product 444
445	446	Product 445
446	447	Product 446
447	448	Product 447
448	449	Product 448
449	450	Product 449
450	451	Product 450
451	452	Product 451
452	453	Product 452
453	454	Product 453
454	455	Product 454
455	456	Product 455
456	457	Product 456
457	458	Product 457
458	459	Product 458
459	460	Product 459
460	461	Product 460
461	462	Product 461
462	463	Product 462
463	464	Product 463
464	465	Product 464
465	466	Product 465
466	467	Product 466
467	468	Product 467
468	469	Product 468
469	470	Product 469
470	471	Product 470
471	472	Product 471
472	473	Product 472
473	474	Product 473
474	475	Product 474
475	476	Product 475
476	477	Product 476
477	478	Product 477
478	479	Product 478
479	480	Product 479
480	481	Product 480
481	482	Product 481
482	483	Product 482
483	484	Product 483
484	485	Product 484
485	486	Product 485
486	487	Product 486
487	488	Product 487
488	489	Product 488
489	490	Product 489
490	491	Product 490
491	492	Product 491
492	493	Product 492
493	494	Product 493
494	495	Product 494
495	496	Product 495
496	497	Product 496
497	498	Product 497
498	499	Product 498
499	500	Product 499
500	501	Product 500
\.


--
-- Data for Name: spatial_ref_sys; Type: TABLE DATA; Schema: public; Owner: postgres
--

COPY public.spatial_ref_sys (srid, auth_name, auth_srid, srtext, proj4text) FROM stdin;
\.


--
-- Data for Name: supply; Type: TABLE DATA; Schema: public; Owner: postgres
--

COPY public.supply (id, product, organization, supply_date, quantity) FROM stdin;
1	387	366	2024-10-16 17:34:28.228159+04	87
2	361	299	2024-04-17 17:34:28.228204+04	26
3	477	18	2024-05-23 17:34:28.228205+04	40
4	58	153	2024-04-15 17:34:28.228205+04	57
5	4	210	2024-03-29 17:34:28.228205+04	22
6	390	110	2024-07-22 17:34:28.228205+04	81
7	272	304	2024-04-11 17:34:28.228205+04	92
8	35	458	2024-04-06 17:34:28.228206+04	93
9	74	365	2024-08-30 17:34:28.228206+04	46
10	411	454	2024-08-14 17:34:28.228206+04	21
11	396	20	2024-03-27 17:34:28.228206+04	21
12	396	350	2025-02-07 17:34:28.228206+04	91
13	349	62	2025-02-28 17:34:28.228206+04	70
14	395	34	2025-02-20 17:34:28.228206+04	29
15	252	388	2024-06-03 17:34:28.228206+04	100
16	133	186	2025-01-22 17:34:28.228206+04	92
17	409	204	2024-11-27 17:34:28.228206+04	33
18	215	28	2024-10-04 17:34:28.228207+04	80
19	311	392	2024-04-12 17:34:28.228207+04	31
20	66	212	2025-02-03 17:34:28.228207+04	92
21	243	488	2025-01-07 17:34:28.228207+04	73
22	14	199	2025-03-09 17:34:28.228207+04	13
23	67	68	2024-05-08 17:34:28.228207+04	52
24	183	476	2025-01-22 17:34:28.228207+04	95
25	102	397	2024-06-09 17:34:28.228207+04	48
26	326	484	2024-04-09 17:34:28.228207+04	73
27	286	413	2025-01-09 17:34:28.228207+04	45
28	219	297	2024-07-10 17:34:28.228207+04	46
29	169	300	2024-11-30 17:34:28.228207+04	65
30	175	10	2024-12-27 17:34:28.228207+04	64
31	91	500	2024-11-16 17:34:28.228207+04	51
32	160	135	2024-04-28 17:34:28.228207+04	54
33	4	378	2024-08-12 17:34:28.228207+04	21
34	406	491	2025-03-07 17:34:28.228208+04	49
35	479	351	2024-09-04 17:34:28.228208+04	29
36	404	231	2024-06-20 17:34:28.228208+04	25
37	221	161	2024-06-23 17:34:28.228208+04	27
38	11	351	2024-07-09 17:34:28.228208+04	43
39	275	461	2024-09-16 17:34:28.228208+04	32
40	485	424	2024-04-18 17:34:28.228208+04	44
41	335	453	2024-09-17 17:34:28.228208+04	20
42	410	471	2024-09-29 17:34:28.228208+04	24
43	347	390	2024-03-20 17:34:28.228208+04	55
44	123	54	2024-11-25 17:34:28.228208+04	53
45	154	313	2024-05-12 17:34:28.228208+04	21
46	245	42	2024-08-05 17:34:28.228208+04	76
47	364	262	2024-09-25 17:34:28.228208+04	46
48	71	471	2025-03-06 17:34:28.228209+04	97
49	439	281	2025-01-14 17:34:28.228209+04	54
50	202	168	2025-02-05 17:34:28.228209+04	19
51	443	32	2024-06-14 17:34:28.228209+04	16
52	45	348	2024-05-12 17:34:28.228209+04	48
53	418	316	2024-03-30 17:34:28.228209+04	57
54	166	254	2025-01-09 17:34:28.228209+04	39
55	390	25	2024-08-21 17:34:28.228209+04	25
56	174	236	2024-11-07 17:34:28.228209+04	18
57	440	97	2024-08-01 17:34:28.228209+04	50
58	208	309	2025-03-02 17:34:28.228209+04	65
59	157	71	2024-09-02 17:34:28.228209+04	76
60	172	144	2024-03-22 17:34:28.228209+04	27
61	83	404	2024-10-05 17:34:28.228209+04	82
62	447	201	2024-05-06 17:34:28.228209+04	76
63	415	119	2024-08-21 17:34:28.228209+04	59
64	233	251	2024-07-29 17:34:28.22821+04	87
65	437	195	2024-11-05 17:34:28.22821+04	29
66	153	434	2025-01-12 17:34:28.228214+04	84
67	258	18	2025-02-16 17:34:28.228214+04	34
68	70	453	2025-01-10 17:34:28.228214+04	89
69	132	454	2024-06-19 17:34:28.228214+04	99
70	340	261	2024-06-08 17:34:28.228214+04	97
71	351	157	2024-10-15 17:34:28.228214+04	60
72	211	119	2024-04-27 17:34:28.228214+04	73
73	316	302	2024-06-04 17:34:28.228214+04	34
74	34	148	2024-11-04 17:34:28.228214+04	27
75	487	107	2024-04-29 17:34:28.228214+04	54
76	43	453	2024-10-14 17:34:28.228214+04	80
77	302	485	2024-10-03 17:34:28.228214+04	72
78	244	236	2024-04-05 17:34:28.228214+04	30
79	240	313	2024-05-16 17:34:28.228214+04	94
80	396	307	2024-07-13 17:34:28.228215+04	39
81	30	373	2024-04-29 17:34:28.228215+04	74
82	274	58	2025-03-05 17:34:28.228215+04	37
83	266	42	2024-11-15 17:34:28.228215+04	38
84	323	461	2025-03-10 17:34:28.228215+04	37
85	6	105	2024-05-02 17:34:28.228215+04	44
86	465	234	2024-09-01 17:34:28.228215+04	58
87	320	148	2025-01-23 17:34:28.228215+04	10
88	413	172	2024-11-21 17:34:28.228215+04	51
89	223	7	2024-05-16 17:34:28.228215+04	57
90	134	441	2024-07-28 17:34:28.228215+04	55
91	205	496	2024-11-12 17:34:28.228215+04	38
92	386	374	2024-08-23 17:34:28.228215+04	99
93	62	267	2024-09-23 17:34:28.228215+04	58
94	319	45	2024-09-19 17:34:28.228215+04	82
95	99	423	2024-12-23 17:34:28.228215+04	55
96	490	9	2024-09-05 17:34:28.228215+04	93
97	266	231	2024-04-17 17:34:28.228215+04	62
98	6	496	2024-11-26 17:34:28.228215+04	66
99	81	443	2024-06-08 17:34:28.228215+04	55
100	422	182	2024-06-22 17:34:28.228216+04	30
101	376	481	2024-07-12 17:34:28.228216+04	49
102	86	166	2024-08-06 17:34:28.228216+04	51
103	371	269	2024-05-13 17:34:28.228216+04	15
104	428	38	2025-02-08 17:34:28.228216+04	26
105	144	96	2024-04-02 17:34:28.228216+04	87
106	249	408	2024-07-12 17:34:28.228216+04	46
107	128	440	2024-07-19 17:34:28.228216+04	37
108	4	215	2024-06-25 17:34:28.228216+04	47
109	286	169	2024-07-06 17:34:28.228216+04	33
110	201	400	2024-06-18 17:34:28.228216+04	63
111	221	322	2024-11-10 17:34:28.228216+04	40
112	195	459	2024-11-02 17:34:28.228216+04	86
113	456	454	2024-07-30 17:34:28.228216+04	46
114	239	95	2024-12-27 17:34:28.228216+04	92
115	132	43	2025-01-12 17:34:28.228217+04	85
116	36	70	2024-06-16 17:34:28.228217+04	69
117	308	136	2024-10-21 17:34:28.228217+04	26
118	325	286	2024-06-21 17:34:28.228217+04	14
119	465	72	2024-11-01 17:34:28.228217+04	23
120	284	187	2024-06-19 17:34:28.228217+04	44
121	32	8	2025-03-12 17:34:28.228217+04	26
122	475	258	2025-03-10 17:34:28.228217+04	92
123	427	71	2024-09-02 17:34:28.228217+04	84
124	285	196	2024-07-13 17:34:28.228217+04	23
125	347	285	2024-07-05 17:34:28.228217+04	81
126	31	484	2024-05-28 17:34:28.228217+04	24
127	89	215	2024-12-17 17:34:28.228217+04	72
128	327	230	2024-07-03 17:34:28.228217+04	33
129	339	325	2024-08-02 17:34:28.228217+04	35
130	54	369	2024-12-26 17:34:28.228217+04	79
131	35	287	2024-07-09 17:34:28.228217+04	44
132	386	304	2024-08-27 17:34:28.228217+04	58
133	125	309	2024-07-06 17:34:28.228218+04	74
134	44	444	2024-08-12 17:34:28.228218+04	79
135	363	132	2024-12-03 17:34:28.228218+04	50
136	145	300	2024-08-24 17:34:28.228218+04	51
137	334	203	2024-06-09 17:34:28.228218+04	43
138	329	336	2024-12-22 17:34:28.228218+04	92
139	163	95	2024-05-30 17:34:28.228218+04	39
140	427	472	2024-12-14 17:34:28.228218+04	16
141	450	47	2024-08-28 17:34:28.228218+04	88
142	489	370	2024-05-18 17:34:28.228218+04	82
143	303	112	2024-09-30 17:34:28.228218+04	36
144	461	9	2024-03-19 17:34:28.228218+04	67
145	409	200	2024-03-29 17:34:28.228218+04	79
146	113	87	2024-11-06 17:34:28.228218+04	94
147	31	363	2024-08-01 17:34:28.228218+04	78
148	7	274	2025-02-12 17:34:28.228218+04	19
149	149	98	2024-08-09 17:34:28.228218+04	37
150	105	269	2024-12-06 17:34:28.228218+04	73
151	375	269	2024-10-31 17:34:28.228218+04	64
152	102	239	2024-11-02 17:34:28.228218+04	92
153	484	438	2024-11-16 17:34:28.228219+04	27
154	140	155	2024-12-28 17:34:28.228219+04	59
155	96	86	2024-05-20 17:34:28.228219+04	81
156	269	390	2024-11-18 17:34:28.228219+04	36
157	321	283	2024-05-19 17:34:28.228219+04	17
158	195	378	2024-06-21 17:34:28.228219+04	63
159	30	121	2024-12-23 17:34:28.228219+04	15
160	181	199	2024-11-11 17:34:28.228219+04	88
161	316	35	2024-11-04 17:34:28.228219+04	22
162	262	469	2024-06-16 17:34:28.228219+04	76
163	135	126	2024-06-15 17:34:28.228219+04	25
164	491	219	2024-04-15 17:34:28.228219+04	26
165	349	203	2024-05-03 17:34:28.228219+04	77
166	473	169	2024-05-06 17:34:28.228219+04	30
167	76	463	2024-08-04 17:34:28.228219+04	44
168	346	496	2025-02-04 17:34:28.228219+04	73
169	115	472	2024-12-30 17:34:28.228219+04	56
170	374	34	2024-04-14 17:34:28.228219+04	41
171	102	50	2024-06-01 17:34:28.228219+04	91
172	71	364	2024-12-24 17:34:28.228219+04	10
173	434	477	2024-08-22 17:34:28.22822+04	93
174	275	82	2024-04-19 17:34:28.22822+04	67
175	88	42	2024-12-15 17:34:28.22822+04	15
176	87	162	2025-01-11 17:34:28.22822+04	33
177	199	379	2024-05-13 17:34:28.22822+04	82
178	23	104	2025-01-19 17:34:28.22822+04	24
179	349	387	2024-12-29 17:34:28.22822+04	49
180	378	113	2024-12-22 17:34:28.22822+04	79
181	477	44	2024-03-27 17:34:28.22822+04	30
182	153	392	2024-03-31 17:34:28.228222+04	59
183	403	62	2024-07-16 17:34:28.228222+04	44
184	420	408	2024-08-31 17:34:28.228223+04	64
185	337	360	2024-05-23 17:34:28.228223+04	54
186	73	216	2024-06-25 17:34:28.228223+04	16
187	448	118	2024-04-19 17:34:28.228223+04	60
188	318	431	2024-07-08 17:34:28.228223+04	81
189	290	442	2024-06-19 17:34:28.228223+04	83
190	4	432	2024-09-18 17:34:28.228223+04	67
191	347	338	2024-09-30 17:34:28.228223+04	45
192	497	288	2024-09-08 17:34:28.228223+04	83
193	287	445	2024-05-29 17:34:28.228223+04	18
194	65	117	2024-09-18 17:34:28.228223+04	80
195	224	198	2024-04-19 17:34:28.228223+04	97
196	85	10	2024-04-05 17:34:28.228223+04	26
197	76	350	2024-03-19 17:34:28.228223+04	96
198	58	189	2024-11-10 17:34:28.228223+04	80
199	326	456	2024-11-14 17:34:28.228223+04	19
200	305	115	2024-11-07 17:34:28.228223+04	79
201	245	213	2024-09-20 17:34:28.228223+04	22
202	305	372	2024-09-05 17:34:28.228223+04	10
203	180	151	2024-08-25 17:34:28.228223+04	10
204	39	25	2024-12-04 17:34:28.228224+04	26
205	174	296	2024-12-28 17:34:28.228224+04	76
206	95	301	2024-10-06 17:34:28.228224+04	78
207	456	462	2024-08-22 17:34:28.228224+04	29
208	135	340	2024-09-04 17:34:28.228224+04	84
209	436	487	2025-03-09 17:34:28.228224+04	49
210	183	24	2025-03-10 17:34:28.228224+04	71
211	361	202	2024-05-14 17:34:28.228224+04	52
212	325	152	2024-05-13 17:34:28.228224+04	14
213	407	108	2024-04-23 17:34:28.228224+04	72
214	115	410	2024-04-04 17:34:28.228224+04	77
215	362	461	2024-05-09 17:34:28.228224+04	78
216	266	100	2025-01-18 17:34:28.228224+04	86
217	278	184	2024-03-24 17:34:28.228224+04	76
218	333	444	2025-01-15 17:34:28.228224+04	85
219	426	418	2025-02-10 17:34:28.228224+04	75
220	173	495	2024-03-21 17:34:28.228224+04	65
221	300	63	2024-05-06 17:34:28.228224+04	72
222	483	42	2024-11-16 17:34:28.228224+04	46
223	496	21	2024-09-11 17:34:28.228225+04	81
224	414	336	2025-03-07 17:34:28.228225+04	14
225	122	80	2024-06-19 17:34:28.228225+04	56
226	253	409	2025-01-07 17:34:28.228225+04	52
227	496	110	2025-03-06 17:34:28.228225+04	58
228	392	123	2024-12-11 17:34:28.228225+04	60
229	377	321	2024-11-12 17:34:28.228225+04	37
230	332	142	2024-09-02 17:34:28.228225+04	24
231	122	40	2024-11-15 17:34:28.228225+04	24
232	391	60	2024-12-06 17:34:28.228225+04	42
233	110	416	2024-03-28 17:34:28.228225+04	66
234	152	166	2024-03-31 17:34:28.228225+04	83
235	199	31	2024-03-29 17:34:28.228225+04	81
236	170	316	2024-04-18 17:34:28.228225+04	88
237	447	80	2024-09-06 17:34:28.228225+04	69
238	369	372	2024-05-14 17:34:28.228225+04	22
239	260	380	2024-04-21 17:34:28.228225+04	21
240	413	323	2024-07-31 17:34:28.228225+04	22
241	212	13	2024-12-16 17:34:28.228225+04	23
242	326	330	2025-02-06 17:34:28.228225+04	76
243	266	343	2024-09-23 17:34:28.228226+04	25
244	17	448	2024-11-29 17:34:28.228226+04	90
245	420	224	2024-03-25 17:34:28.228226+04	98
246	347	339	2024-10-26 17:34:28.228226+04	39
247	82	324	2025-02-03 17:34:28.228226+04	70
248	120	157	2024-04-01 17:34:28.228226+04	36
249	318	191	2024-08-14 17:34:28.228226+04	95
250	295	225	2024-08-30 17:34:28.228226+04	12
251	327	288	2025-03-03 17:34:28.228226+04	33
252	164	65	2024-05-23 17:34:28.228226+04	22
253	62	136	2024-05-02 17:34:28.228226+04	25
254	424	372	2024-07-09 17:34:28.228226+04	78
255	104	4	2024-04-02 17:34:28.228226+04	37
256	142	118	2024-12-02 17:34:28.228226+04	98
257	278	300	2024-07-28 17:34:28.228226+04	59
258	34	47	2024-06-22 17:34:28.228226+04	60
259	248	220	2025-02-01 17:34:28.228226+04	16
260	181	196	2024-09-14 17:34:28.228227+04	21
261	151	224	2024-07-10 17:34:28.228227+04	48
262	381	94	2024-03-17 17:34:28.228227+04	55
263	9	278	2024-09-19 17:34:28.228227+04	59
264	231	134	2025-01-19 17:34:28.228227+04	31
265	405	78	2024-08-23 17:34:28.228227+04	36
266	395	490	2024-06-24 17:34:28.228227+04	24
267	498	498	2024-05-17 17:34:28.228229+04	95
268	172	76	2024-04-05 17:34:28.228229+04	55
269	441	396	2024-08-22 17:34:28.228229+04	93
270	239	242	2024-08-24 17:34:28.228229+04	17
271	366	257	2024-09-29 17:34:28.228229+04	34
272	247	486	2024-08-02 17:34:28.228229+04	61
273	331	253	2024-10-15 17:34:28.228229+04	92
274	109	253	2024-05-10 17:34:28.228229+04	40
275	26	343	2025-02-24 17:34:28.228229+04	85
276	265	112	2024-09-09 17:34:28.228229+04	96
277	9	165	2024-12-11 17:34:28.22823+04	67
278	178	204	2025-02-03 17:34:28.22823+04	98
279	216	491	2024-10-27 17:34:28.22823+04	21
280	219	269	2024-12-14 17:34:28.22823+04	56
281	266	389	2024-05-03 17:34:28.22823+04	20
282	224	129	2024-03-19 17:34:28.22823+04	82
283	382	364	2025-03-04 17:34:28.22823+04	25
284	388	56	2024-04-25 17:34:28.22823+04	45
285	119	330	2024-09-11 17:34:28.22823+04	19
286	470	364	2024-11-27 17:34:28.22823+04	15
287	445	89	2025-01-30 17:34:28.22823+04	35
288	253	20	2025-01-05 17:34:28.22823+04	15
289	440	185	2024-10-27 17:34:28.22823+04	53
290	427	459	2024-04-08 17:34:28.22823+04	50
291	415	72	2024-08-12 17:34:28.22823+04	56
292	46	482	2025-02-03 17:34:28.22823+04	18
293	95	50	2024-08-03 17:34:28.22823+04	48
294	400	168	2024-06-09 17:34:28.22823+04	90
295	162	121	2024-12-09 17:34:28.22823+04	95
296	48	426	2024-11-02 17:34:28.22823+04	52
297	379	17	2024-11-08 17:34:28.228231+04	35
298	297	90	2024-07-29 17:34:28.228231+04	76
299	81	323	2024-05-22 17:34:28.228231+04	47
300	318	101	2024-06-19 17:34:28.228231+04	76
301	487	213	2024-12-03 17:34:28.228231+04	46
302	347	424	2024-12-16 17:34:28.228231+04	79
303	38	152	2024-11-10 17:34:28.228231+04	94
304	336	191	2024-08-29 17:34:28.228231+04	88
305	96	378	2024-07-18 17:34:28.228231+04	46
306	127	6	2025-03-07 17:34:28.228231+04	96
307	30	83	2024-06-15 17:34:28.228231+04	12
308	380	317	2025-02-24 17:34:28.228231+04	71
309	475	293	2025-01-05 17:34:28.228231+04	93
310	7	394	2024-03-21 17:34:28.228231+04	65
311	96	322	2024-09-25 17:34:28.228231+04	99
312	260	189	2025-02-09 17:34:28.228231+04	71
313	161	429	2024-05-05 17:34:28.228231+04	56
314	103	346	2024-11-28 17:34:28.228231+04	95
315	39	295	2024-08-22 17:34:28.228231+04	28
316	302	490	2024-11-22 17:34:28.228231+04	67
317	205	49	2024-03-22 17:34:28.228231+04	57
318	394	160	2024-03-29 17:34:28.228232+04	38
319	248	461	2024-05-09 17:34:28.228232+04	96
320	486	102	2024-03-20 17:34:28.228232+04	72
321	466	297	2025-02-20 17:34:28.228232+04	43
322	188	409	2024-07-01 17:34:28.228232+04	94
323	367	305	2024-06-19 17:34:28.228232+04	73
324	246	173	2024-05-30 17:34:28.228232+04	25
325	109	230	2024-10-01 17:34:28.228232+04	26
326	280	146	2024-12-26 17:34:28.228232+04	20
327	71	458	2024-11-10 17:34:28.228232+04	52
328	330	65	2024-09-04 17:34:28.228232+04	33
329	498	322	2024-09-16 17:34:28.228232+04	33
330	348	453	2024-08-26 17:34:28.228232+04	53
331	442	70	2024-06-06 17:34:28.228232+04	40
332	488	175	2025-02-19 17:34:28.228232+04	29
333	214	379	2024-06-05 17:34:28.228232+04	52
334	431	256	2024-11-14 17:34:28.228232+04	97
335	418	226	2024-04-24 17:34:28.228232+04	51
336	193	20	2024-08-15 17:34:28.228232+04	76
337	456	108	2024-04-14 17:34:28.228232+04	85
338	26	368	2024-08-10 17:34:28.228232+04	24
339	333	66	2024-10-26 17:34:28.228233+04	16
340	451	152	2025-02-22 17:34:28.228233+04	14
341	496	239	2025-02-03 17:34:28.228233+04	54
342	260	83	2024-05-04 17:34:28.228233+04	24
343	284	420	2024-10-26 17:34:28.228233+04	26
344	178	273	2024-11-29 17:34:28.228233+04	34
345	9	168	2024-08-31 17:34:28.228233+04	66
346	83	164	2025-02-12 17:34:28.228233+04	20
347	40	352	2024-05-30 17:34:28.228233+04	65
348	343	68	2024-07-16 17:34:28.228233+04	83
349	229	378	2025-02-14 17:34:28.228233+04	27
350	251	469	2024-06-28 17:34:28.228233+04	16
351	328	196	2024-10-07 17:34:28.228233+04	87
352	387	314	2025-02-25 17:34:28.228233+04	63
353	181	162	2025-02-01 17:34:28.228233+04	14
354	132	257	2024-11-05 17:34:28.228233+04	86
355	93	313	2024-11-26 17:34:28.228233+04	49
356	292	381	2024-10-16 17:34:28.228233+04	92
357	365	187	2024-05-04 17:34:28.228233+04	50
358	210	225	2024-08-14 17:34:28.228233+04	90
359	249	444	2025-03-08 17:34:28.228234+04	52
360	355	267	2025-02-09 17:34:28.228234+04	29
361	186	366	2024-03-15 17:34:28.228234+04	93
362	325	95	2024-11-24 17:34:28.228234+04	71
363	200	307	2024-07-24 17:34:28.228234+04	59
364	325	287	2024-03-18 17:34:28.228234+04	38
365	162	350	2024-08-12 17:34:28.228234+04	13
366	200	274	2024-04-18 17:34:28.228234+04	95
367	23	288	2024-12-06 17:34:28.228234+04	80
368	170	392	2024-10-29 17:34:28.228234+04	39
369	40	285	2024-11-06 17:34:28.228234+04	88
370	50	102	2024-07-09 17:34:28.228234+04	65
371	203	181	2024-06-01 17:34:28.228234+04	73
372	329	160	2025-01-13 17:34:28.228234+04	33
373	23	393	2024-10-06 17:34:28.228234+04	99
374	240	126	2024-05-12 17:34:28.228234+04	90
375	324	347	2024-06-16 17:34:28.228234+04	65
376	114	148	2024-04-02 17:34:28.228234+04	47
377	27	373	2025-02-09 17:34:28.228234+04	95
378	277	311	2024-07-10 17:34:28.228234+04	89
379	63	165	2024-06-22 17:34:28.228234+04	64
380	388	166	2024-07-27 17:34:28.228235+04	29
381	379	156	2024-12-12 17:34:28.228235+04	68
382	309	418	2024-08-18 17:34:28.228235+04	11
383	130	500	2025-03-09 17:34:28.228235+04	79
384	337	154	2024-04-16 17:34:28.228235+04	22
385	407	421	2024-09-24 17:34:28.228235+04	65
386	362	363	2024-10-28 17:34:28.228235+04	97
387	280	469	2024-10-22 17:34:28.228235+04	81
388	329	440	2024-12-08 17:34:28.228235+04	63
389	385	270	2024-10-21 17:34:28.228235+04	76
390	268	115	2025-02-06 17:34:28.228235+04	72
391	115	390	2024-08-09 17:34:28.228235+04	16
392	145	339	2025-01-01 17:34:28.228235+04	90
393	403	470	2024-07-11 17:34:28.228235+04	59
394	259	152	2025-02-20 17:34:28.228235+04	29
395	274	61	2024-12-07 17:34:28.228235+04	85
396	180	151	2024-11-12 17:34:28.228235+04	42
397	218	338	2024-06-28 17:34:28.228235+04	100
398	156	153	2024-12-12 17:34:28.228235+04	41
399	52	472	2024-05-04 17:34:28.228235+04	55
400	142	260	2025-02-09 17:34:28.228236+04	24
401	186	186	2024-11-25 17:34:28.228236+04	88
402	471	494	2025-01-04 17:34:28.228236+04	34
403	84	457	2024-12-13 17:34:28.228236+04	19
404	55	139	2024-11-19 17:34:28.228236+04	72
405	493	406	2024-11-13 17:34:28.228236+04	72
406	10	408	2024-05-26 17:34:28.228236+04	18
407	465	36	2024-08-04 17:34:28.228236+04	11
408	427	232	2024-04-11 17:34:28.228236+04	50
409	415	62	2024-03-29 17:34:28.228236+04	83
410	253	275	2025-01-06 17:34:28.228236+04	73
411	4	254	2024-10-19 17:34:28.228236+04	50
412	130	185	2025-02-02 17:34:28.228236+04	46
413	170	232	2024-10-28 17:34:28.228236+04	61
414	66	481	2025-01-26 17:34:28.228236+04	10
415	406	260	2024-06-04 17:34:28.228236+04	26
416	381	281	2025-02-26 17:34:28.228236+04	64
417	108	55	2024-08-18 17:34:28.228236+04	17
418	299	3	2024-04-06 17:34:28.228236+04	73
419	318	171	2024-11-21 17:34:28.228236+04	85
420	263	2	2024-10-13 17:34:28.228236+04	45
421	150	227	2024-08-24 17:34:28.228237+04	30
422	441	93	2025-02-09 17:34:28.228237+04	27
423	409	23	2024-04-22 17:34:28.228237+04	65
424	197	222	2024-07-11 17:34:28.228237+04	27
425	262	306	2024-04-20 17:34:28.228237+04	14
426	181	11	2024-09-03 17:34:28.228237+04	24
427	338	303	2024-09-28 17:34:28.228237+04	50
428	27	488	2024-11-02 17:34:28.228237+04	58
429	490	437	2024-08-02 17:34:28.228237+04	94
430	476	426	2024-10-27 17:34:28.228237+04	30
431	171	197	2024-04-24 17:34:28.228237+04	95
432	444	362	2024-09-30 17:34:28.228237+04	37
433	132	352	2024-09-28 17:34:28.228237+04	15
434	91	259	2024-06-23 17:34:28.228237+04	92
435	152	129	2025-02-05 17:34:28.228237+04	21
436	486	333	2024-12-17 17:34:28.228237+04	27
437	43	74	2024-04-05 17:34:28.228237+04	37
438	285	148	2024-11-21 17:34:28.22824+04	96
439	320	445	2024-07-04 17:34:28.22824+04	26
440	208	43	2024-10-15 17:34:28.22824+04	27
441	269	462	2025-03-08 17:34:28.22824+04	63
442	307	379	2024-10-31 17:34:28.228241+04	69
443	248	40	2025-02-10 17:34:28.228241+04	12
444	98	403	2024-10-08 17:34:28.228241+04	91
445	156	212	2024-04-22 17:34:28.228241+04	74
446	335	202	2024-11-06 17:34:28.228241+04	12
447	397	215	2024-06-12 17:34:28.228241+04	78
448	477	49	2024-12-19 17:34:28.228241+04	35
449	162	299	2024-12-06 17:34:28.228241+04	30
450	292	461	2024-08-26 17:34:28.228241+04	31
451	217	32	2024-12-29 17:34:28.228241+04	96
452	286	447	2024-08-21 17:34:28.228241+04	45
453	421	308	2025-01-22 17:34:28.228241+04	98
454	204	125	2024-08-25 17:34:28.228241+04	77
455	369	300	2024-10-29 17:34:28.228241+04	52
456	224	240	2024-06-16 17:34:28.228241+04	89
457	413	223	2024-06-18 17:34:28.228241+04	10
458	498	431	2024-09-26 17:34:28.228241+04	40
459	158	174	2024-04-07 17:34:28.228241+04	99
460	494	147	2024-05-24 17:34:28.228241+04	17
461	74	313	2024-08-28 17:34:28.228241+04	24
462	307	54	2024-08-22 17:34:28.228242+04	95
463	394	457	2024-12-29 17:34:28.228242+04	28
464	333	419	2024-05-11 17:34:28.228242+04	43
465	452	70	2024-04-16 17:34:28.228242+04	32
466	319	409	2024-04-03 17:34:28.228242+04	82
467	141	152	2025-02-05 17:34:28.228242+04	28
468	404	480	2024-04-08 17:34:28.228242+04	91
469	166	159	2024-10-29 17:34:28.228242+04	53
470	317	241	2024-03-19 17:34:28.228242+04	14
471	177	387	2024-09-16 17:34:28.228242+04	41
472	417	278	2024-09-11 17:34:28.228242+04	42
473	102	418	2024-08-24 17:34:28.228242+04	53
474	170	487	2024-12-26 17:34:28.228242+04	31
475	471	192	2024-10-30 17:34:28.228242+04	82
476	67	500	2024-08-06 17:34:28.228242+04	58
477	264	168	2025-03-02 17:34:28.228242+04	70
478	295	381	2025-01-13 17:34:28.228242+04	53
479	232	300	2024-07-28 17:34:28.228242+04	69
480	154	227	2024-10-08 17:34:28.228242+04	40
481	446	252	2024-07-23 17:34:28.228242+04	43
482	160	305	2024-07-14 17:34:28.228243+04	78
483	333	204	2024-04-09 17:34:28.228243+04	100
484	455	438	2024-09-12 17:34:28.228243+04	44
485	145	122	2024-10-20 17:34:28.228243+04	22
486	314	61	2024-06-30 17:34:28.228243+04	47
487	199	188	2025-02-26 17:34:28.228243+04	42
488	228	148	2024-07-20 17:34:28.228243+04	79
489	84	121	2024-04-24 17:34:28.228243+04	38
490	80	296	2024-04-17 17:34:28.228243+04	46
491	443	430	2024-03-14 17:34:28.228243+04	68
492	428	53	2025-01-28 17:34:28.228243+04	38
493	118	269	2024-06-20 17:34:28.228243+04	27
494	124	182	2024-05-27 17:34:28.228243+04	33
495	158	228	2024-05-26 17:34:28.228243+04	90
496	34	64	2025-02-05 17:34:28.228243+04	43
497	440	478	2024-06-12 17:34:28.228243+04	33
498	245	383	2024-12-14 17:34:28.228243+04	46
499	28	299	2024-07-06 17:34:28.228243+04	51
500	152	149	2024-11-16 17:34:28.228243+04	41
\.


--
-- Name: cell_id_seq; Type: SEQUENCE SET; Schema: public; Owner: postgres
--

SELECT pg_catalog.setval('public.cell_id_seq', 501, false);


--
-- Name: organization_id_seq; Type: SEQUENCE SET; Schema: public; Owner: postgres
--

SELECT pg_catalog.setval('public.organization_id_seq', 502, true);


--
-- Name: product_id_seq; Type: SEQUENCE SET; Schema: public; Owner: postgres
--

SELECT pg_catalog.setval('public.product_id_seq', 501, false);


--
-- Name: supply_id_seq; Type: SEQUENCE SET; Schema: public; Owner: postgres
--

SELECT pg_catalog.setval('public.supply_id_seq', 501, false);


--
-- Name: __EFMigrationsHistory PK___EFMigrationsHistory; Type: CONSTRAINT; Schema: public; Owner: postgres
--

ALTER TABLE ONLY public."__EFMigrationsHistory"
    ADD CONSTRAINT "PK___EFMigrationsHistory" PRIMARY KEY ("MigrationId");


--
-- Name: cell PK_cell; Type: CONSTRAINT; Schema: public; Owner: postgres
--

ALTER TABLE ONLY public.cell
    ADD CONSTRAINT "PK_cell" PRIMARY KEY (id);


--
-- Name: organization PK_organization; Type: CONSTRAINT; Schema: public; Owner: postgres
--

ALTER TABLE ONLY public.organization
    ADD CONSTRAINT "PK_organization" PRIMARY KEY (id);


--
-- Name: product PK_product; Type: CONSTRAINT; Schema: public; Owner: postgres
--

ALTER TABLE ONLY public.product
    ADD CONSTRAINT "PK_product" PRIMARY KEY (id);


--
-- Name: supply PK_supply; Type: CONSTRAINT; Schema: public; Owner: postgres
--

ALTER TABLE ONLY public.supply
    ADD CONSTRAINT "PK_supply" PRIMARY KEY (id);


--
-- Name: IX_cell_product; Type: INDEX; Schema: public; Owner: postgres
--

CREATE INDEX "IX_cell_product" ON public.cell USING btree (product);


--
-- Name: IX_supply_organization; Type: INDEX; Schema: public; Owner: postgres
--

CREATE INDEX "IX_supply_organization" ON public.supply USING btree (organization);


--
-- Name: IX_supply_product; Type: INDEX; Schema: public; Owner: postgres
--

CREATE INDEX "IX_supply_product" ON public.supply USING btree (product);


--
-- Name: cell FK_cell_product_product; Type: FK CONSTRAINT; Schema: public; Owner: postgres
--

ALTER TABLE ONLY public.cell
    ADD CONSTRAINT "FK_cell_product_product" FOREIGN KEY (product) REFERENCES public.product(id) ON DELETE CASCADE;


--
-- Name: supply FK_supply_organization_organization; Type: FK CONSTRAINT; Schema: public; Owner: postgres
--

ALTER TABLE ONLY public.supply
    ADD CONSTRAINT "FK_supply_organization_organization" FOREIGN KEY (organization) REFERENCES public.organization(id) ON DELETE CASCADE;


--
-- Name: supply FK_supply_product_product; Type: FK CONSTRAINT; Schema: public; Owner: postgres
--

ALTER TABLE ONLY public.supply
    ADD CONSTRAINT "FK_supply_product_product" FOREIGN KEY (product) REFERENCES public.product(id) ON DELETE CASCADE;


--
-- PostgreSQL database dump complete
--

